13,29,692.59619140625,19,5,0.97314453125,227.00537109375
12,29,687.73486328125,22,7,0.98486328125,426.99951171875
27,31,675.36083984375,13,4,0.9892578125,120.74609375
17,28,669.1279296875,27,2,0.9794921875,266.77392578125
11,29,667.89697265625,11,4,0.970703125,215.49267578125
27,29,666.267578125,17,6,0.98583984375,139.0625
12,29,660.46435546875,14,17,0.97216796875,282.64013671875
7,31,659.4814453125,8,13,0.9716796875,302.06298828125
2,30,656.41455078125,23,7,0.97216796875,270.6953125
10,31,654.01708984375,12,8,0.974609375,306.146484375
15,29,650.705078125,8,13,0.97265625,260.37109375
20,29,647.9560546875,14,15,0.97265625,248.72119140625
5,30,647.5908203125,31,4,0.97412109375,341.45849609375
24,27,646.89111328125,6,26,0.99072265625,218.49658203125
24,28,644.705078125,8,1,0.98876953125,204.38232421875
12,27,637.10595703125,23,27,0.97900390625,389.1494140625
2,29,634.17822265625,19,1,0.98046875,510.13427734375
23,31,630.99462890625,29,10,0.98095703125,194.80126953125
18,30,629.86865234375,31,5,0.9814453125,411.048828125
26,31,629.67529296875,25,31,0.98681640625,179.9541015625
28,31,627.896484375,11,17,0.9833984375,106.97216796875
14,29,626.08837890625,19,12,0.97119140625,204.3486328125
2,29,625.58984375,25,14,0.9736328125,431.90966796875
15,29,623.7294921875,24,19,0.9765625,378.13818359375
15,31,618.89404296875,31,9,0.98388671875,339.7587890625
25,27,616.14697265625,15,31,0.974609375,133.99755859375
19,27,612.1875,17,30,0.97998046875,257.30126953125
28,28,610.53271484375,18,19,0.98486328125,59.52978515625
1,28,609.3330078125,0,12,0.97607421875,512.21044921875
22,29,606.4423828125,17,30,0.97998046875,218.50634765625
19,30,604.52001953125,23,8,0.98486328125,389.314453125
26,28,604.091796875,7,28,0.98828125,165.99072265625
27,29,602.0244140625,15,18,0.98876953125,116.7646484375
10,27,601.734375,0,24,0.974609375,323.39990234375
28,31,598.6279296875,15,2,0.9736328125,108.630859375
28,28,598.34912109375,17,3,0.98828125,113.6962890625
4,31,596.45947265625,5,15,0.97705078125,427.53076171875
3,31,595.1298828125,29,27,0.9775390625,468.865234375
6,27,592.6376953125,7,25,0.9755859375,292.9765625
3,31,592.55322265625,3,11,0.9716796875,343.04931640625
23,26,592.25634765625,20,24,0.9736328125,101.73681640625
26,26,588.1689453125,6,26,0.98046875,142.23193359375
23,27,583.92041015625,22,0,0.9716796875,179.90869140625
6,31,582.72119140625,12,5,0.97900390625,431.69873046875
17,28,581.82470703125,0,16,0.9755859375,283.126953125
3,29,581.5771484375,13,3,0.974609375,432.240234375
22,29,580.55078125,23,16,0.982421875,296.51611328125
22,28,580.53955078125,28,14,0.9814453125,233.96533203125
17,31,578.91064453125,10,22,0.9775390625,352.19189453125
19,27,578.099609375,29,2,0.9853515625,308.6708984375
18,28,575.841796875,28,29,0.9775390625,364.34716796875
25,26,575.82861328125,20,5,0.970703125,85.791015625
21,29,573.63330078125,8,29,0.974609375,302.64306640625
6,30,572.55517578125,12,28,0.97412109375,431.69873046875
2,27,571.82275390625,6,3,0.98486328125,635.41650390625
1,25,570.98681640625,29,2,0.9716796875,276.57861328125
18,31,566.70458984375,27,19,0.97265625,348.52783203125
8,31,564.611328125,20,1,0.98193359375,437.3564453125
4,30,563.005859375,15,23,0.974609375,472.294921875
15,26,560.822265625,4,20,0.974609375,290.6728515625
21,26,557.8857421875,1,16,0.97607421875,234.37060546875
15,25,555.6689453125,16,16,0.9833984375,417.892578125
11,25,551.85302734375,25,25,0.97021484375,168.60400390625
24,27,550.75439453125,19,12,0.98193359375,240.30078125
7,25,550.41796875,16,27,0.97021484375,205.6103515625
27,31,549.45361328125,9,26,0.9814453125,119.74951171875
22,25,548.6982421875,19,26,0.98583984375,213.4697265625
7,24,545.345703125,0,4,0.9833984375,456.171875
17,31,544.56591796875,19,3,0.9794921875,326.962890625
24,24,542.8671875,21,5,0.982421875,237.06201171875
24,31,541.3740234375,30,12,0.9765625,174.28955078125
19,28,540.32568359375,15,4,0.97509765625,304.828125
26,31,539.8193359375,22,6,0.9814453125,140.04931640625
21,23,539.21923828125,17,26,0.98779296875,271.3720703125
15,29,539.08984375,19,0,0.9765625,373.7626953125
28,30,538.71044921875,9,16,0.9775390625,90.9326171875
17,24,538.29052734375,23,0,0.97705078125,259.36474609375
21,25,538.28173828125,17,3,0.9873046875,271.3720703125
23,29,537.74365234375,21,10,0.982421875,267.5830078125
7,28,537.37255859375,14,25,0.97119140625,434.3271484375
2,31,536.99365234375,28,29,0.97509765625,521.2333984375
21,27,534.037109375,0,18,0.9794921875,287.0859375
1,28,534.0087890625,31,6,0.9814453125,521.01318359375
3,27,533.62109375,7,1,0.974609375,428.58447265625
18,24,531.21923828125,4,11,0.97216796875,260.5673828125
18,30,526.9013671875,17,0,0.98193359375,417.23974609375
20,29,522.6640625,10,2,0.9765625,337.6806640625
18,29,520.91796875,14,28,0.97509765625,244.19091796875
2,24,519.6376953125,27,14,0.98583984375,549.044921875
23,23,517.61181640625,22,11,0.97509765625,179.90869140625
2,25,516.615234375,2,10,0.9814453125,477.984375
2,27,516.52587890625,9,19,0.97021484375,510.4951171875
16,26,516.328125,17,4,0.978515625,400.4365234375
27,31,516.205078125,8,24,0.9755859375,119.3515625
24,30,512.2353515625,8,22,0.984375,204.38232421875
5,31,510.9970703125,23,0,0.9736328125,502.4326171875
26,29,510.62548828125,6,25,0.97705078125,142.23193359375
12,25,510.4296875,31,0,0.978515625,408.634765625
21,22,509.486328125,0,26,0.9794921875,287.0859375
19,26,507.33349609375,22,1,0.9794921875,318.41064453125
4,23,506.71826171875,0,10,0.9775390625,500.2529296875
22,28,506.66357421875,19,31,0.9833984375,213.4697265625
10,24,506.41015625,8,7,0.98046875,466.998046875
27,28,505.84814453125,16,22,0.97607421875,86.83935546875
24,24,505.67138671875,16,2,0.97314453125,153.5390625
10,31,504.34912109375,11,18,0.9775390625,431.5390625
7,23,503.96533203125,30,4,0.9755859375,454.2177734375
19,26,503.146484375,8,9,0.9755859375,273.36279296875
18,24,502.50341796875,25,10,0.9794921875,305.79150390625
21,22,501.7626953125,10,25,0.97998046875,235.671875
3,28,499.97314453125,18,8,0.97607421875,411.10205078125
18,23,499.0009765625,19,23,0.978515625,330.078125
23,28,497.21923828125,29,7,0.982421875,194.80126953125
17,25,496.69189453125,12,24,0.98486328125,353.18115234375
4,31,496.48974609375,15,28,0.9716796875,472.294921875
19,24,495.6669921875,28,9,0.9873046875,316.43310546875
15,23,494.84423828125,6,1,0.97998046875,337.18505859375
20,30,492.7607421875,6,20,0.98046875,270.486328125
21,25,492.48828125,16,9,0.98876953125,259.65283203125
3,27,490.48974609375,21,29,0.9716796875,340.1240234375
1,23,489.86376953125,27,3,0.97998046875,482.94287109375
17,25,489.85302734375,18,19,0.978515625,347.20703125
3,22,488.515625,7,21,0.97705078125,428.58447265625
6,26,487.29248046875,18,8,0.97998046875,471.9326171875
29,30,483.52490234375,24,6,0.9755859375,62.61181640625
3,25,481.5986328125,15,8,0.97314453125,398.7861328125
20,26,480.986328125,0,17,0.97705078125,354.15966796875
12,26,479.33349609375,16,11,0.9755859375,364.31982421875
1,30,477.5048828125,24,10,0.97021484375,440.23486328125
25,25,474.4296875,17,30,0.97509765625,178.6982421875
2,23,474.10986328125,3,24,0.97802734375,579.234375
25,27,473.18505859375,1,11,0.98046875,158.93212890625
3,22,472.5966796875,31,20,0.97900390625,483.435546875
21,22,471.66357421875,7,22,0.9814453125,226.7919921875
17,27,469.1220703125,22,14,0.9755859375,442.8955078125
19,22,467.080078125,18,18,0.98193359375,290.9248046875
20,23,466.93017578125,17,2,0.9921875,312.6357421875
3,28,464.3017578125,9,5,0.97509765625,476.00146484375
16,25,458.45751953125,17,31,0.97900390625,400.4365234375
13,29,455.244140625,27,23,0.970703125,274.64208984375
19,24,454.44970703125,1,1,0.982421875,390.6220703125
21,22,454.36181640625,22,4,0.98291015625,276.67626953125
16,25,453.3701171875,15,28,0.9853515625,355.14599609375
20,22,453.2880859375,15,5,0.97509765625,312.8232421875
4,26,449.53125,0,18,0.97802734375,500.2529296875
2,23,449.31298828125,14,0,0.97314453125,331.177734375
2,22,447.48681640625,4,3,0.9755859375,557.90771484375
2,30,447.224609375,29,19,0.9716796875,512.2216796875
11,23,445.89013671875,29,7,0.97265625,363.091796875
12,24,445.4970703125,31,12,0.97705078125,408.634765625
13,27,444.5595703125,28,10,0.9794921875,373.947265625
21,27,443.56103515625,9,28,0.97509765625,250.59326171875
11,25,443.24267578125,19,11,0.97900390625,339.6220703125
6,21,442.69287109375,12,18,0.9794921875,431.69873046875
20,21,440.734375,6,27,0.9794921875,270.486328125
15,23,439.71142578125,12,15,0.97265625,184.0
12,29,439.27783203125,17,27,0.97509765625,348.71826171875
2,22,438.4072265625,24,6,0.98193359375,551.94970703125
6,22,435.91748046875,16,30,0.97314453125,416.19140625
7,20,435.1455078125,3,11,0.97412109375,293.08154296875
19,24,434.3515625,5,13,0.98193359375,318.0517578125
19,22,432.7373046875,31,9,0.98291015625,304.78759765625
3,25,432.34423828125,21,29,0.97021484375,340.1240234375
17,24,431.58642578125,30,31,0.97265625,275.037109375
6,24,430.57666015625,16,15,0.982421875,416.19140625
16,26,430.25439453125,0,28,0.98095703125,369.41064453125
1,20,429.4423828125,3,19,0.9814453125,518.13671875
4,19,428.015625,24,25,0.97900390625,432.98779296875
1,20,427.9248046875,14,16,0.978515625,503.92626953125
25,25,422.68994140625,1,21,0.9814453125,158.93212890625
19,19,422.4345703125,23,24,0.98779296875,389.314453125
1,31,421.49560546875,11,25,0.98193359375,586.35546875
3,21,420.79638671875,11,23,0.9736328125,331.6435546875
12,23,419.11572265625,7,9,0.97412109375,200.90185546875
5,22,414.0625,21,7,0.9775390625,457.93359375
15,19,413.6142578125,8,11,0.97802734375,260.37109375
6,21,413.201171875,13,3,0.9736328125,361.80029296875
21,23,412.21875,11,18,0.974609375,146.4453125
1,20,411.5634765625,17,18,0.9775390625,456.8837890625
1,18,406.74755859375,19,3,0.98046875,564.6591796875
17,19,406.509765625,10,20,0.9814453125,352.19189453125
4,19,403.73388671875,25,27,0.97802734375,489.0087890625
3,21,396.94677734375,13,19,0.97607421875,432.240234375
22,31,396.0556640625,29,16,0.97509765625,205.54443359375
18,28,396.0078125,6,10,0.974609375,394.04443359375
20,30,395.19482421875,6,31,0.97314453125,270.486328125
18,23,394.6650390625,27,19,0.9833984375,348.52783203125
28,30,393.44677734375,23,13,0.970703125,41.90576171875
2,28,392.2294921875,6,21,0.97314453125,635.41650390625
22,26,391.26416015625,1,2,0.98046875,122.16455078125
3,21,390.8896484375,16,20,0.9765625,497.02783203125
19,26,388.2646484375,1,23,0.9755859375,390.6220703125
19,19,387.77099609375,15,30,0.9775390625,304.828125
16,20,387.7451171875,21,31,0.97900390625,429.6015625
7,26,387.7236328125,20,10,0.97021484375,379.1064453125
5,19,387.22265625,24,21,0.97705078125,443.05078125
3,18,386.82373046875,5,30,0.97216796875,411.02392578125
2,26,386.404296875,4,21,0.97607421875,557.90771484375
6,20,384.5615234375,29,22,0.9716796875,187.65771484375
19,31,382.16552734375,14,7,0.97021484375,314.7802734375
19,30,379.82080078125,4,17,0.9775390625,338.3740234375
20,27,378.68701171875,4,21,0.97265625,254.57763671875
22,29,376.609375,11,31,0.97509765625,96.474609375
3,19,373.84619140625,10,16,0.9765625,441.369140625
3,23,372.98828125,9,8,0.97119140625,476.00146484375
5,23,372.9306640625,19,17,0.97265625,457.57421875
4,17,371.46875,28,14,0.9765625,430.76904296875
12,24,371.123046875,19,29,0.9755859375,304.27294921875
3,16,370.7548828125,23,16,0.9755859375,444.9775390625
18,18,370.51708984375,13,5,0.9833984375,350.01220703125
8,18,369.43701171875,17,1,0.97119140625,128.4775390625
8,18,366.38916015625,3,29,0.97216796875,167.37646484375
16,17,365.31689453125,15,1,0.97998046875,355.14599609375
16,17,360.24365234375,6,6,0.97607421875,208.49169921875
17,31,359.16748046875,23,20,0.97216796875,259.36474609375
12,20,358.94189453125,17,21,0.97509765625,348.71826171875
24,28,358.16552734375,22,24,0.97802734375,136.99267578125
17,24,356.68359375,20,3,0.9775390625,314.3232421875
3,24,355.21240234375,10,28,0.9736328125,441.369140625
16,20,354.9208984375,3,5,0.97998046875,470.43896484375
11,16,354.7041015625,20,18,0.9794921875,297.46435546875
4,23,348.49853515625,27,30,0.9794921875,493.02099609375
16,19,346.52001953125,13,26,0.982421875,351.13720703125
9,19,345.3896484375,6,6,0.98388671875,481.0546875
14,15,344.16455078125,8,18,0.9794921875,342.2275390625
5,21,342.72802734375,30,21,0.9716796875,404.224609375
9,23,338.533203125,10,16,0.97509765625,393.908203125
2,17,338.0537109375,19,15,0.97900390625,510.13427734375
10,19,338.04345703125,15,10,0.97802734375,447.7685546875
12,17,336.95166015625,30,2,0.9814453125,380.18359375
15,18,334.00048828125,30,21,0.97021484375,47.70263671875
3,20,330.88037109375,6,28,0.974609375,456.3076171875
23,31,325.7119140625,20,30,0.9716796875,101.73681640625
10,22,324.8740234375,4,16,0.97607421875,467.95654296875
14,20,322.4111328125,8,7,0.974609375,342.2275390625
14,16,322.23828125,15,5,0.97021484375,84.958984375
8,19,320.7900390625,4,7,0.9775390625,327.89697265625
22,23,320.013671875,19,31,0.98046875,213.4697265625
10,17,317.212890625,5,13,0.97607421875,305.26611328125
5,23,314.955078125,20,28,0.9716796875,429.5810546875
4,21,313.43896484375,24,6,0.98046875,432.98779296875
25,30,312.7353515625,4,14,0.98681640625,133.951171875
18,20,312.6171875,4,13,0.98388671875,260.5673828125
12,18,310.3486328125,26,10,0.97607421875,133.580078125
4,21,309.4990234375,30,30,0.97265625,474.08837890625
9,17,309.28271484375,5,5,0.9833984375,482.310546875
11,20,306.81591796875,28,12,0.97119140625,247.2275390625
20,28,303.111328125,15,30,0.970703125,312.8232421875
3,16,301.61962890625,13,12,0.974609375,432.240234375
2,16,301.6171875,8,14,0.9814453125,503.56005859375
8,15,300.7294921875,2,10,0.97802734375,214.23876953125
2,25,293.56201171875,9,23,0.97509765625,510.4951171875
2,17,292.84521484375,27,9,0.9794921875,549.044921875
7,14,291.796875,28,27,0.9794921875,456.181640625
7,17,285.8310546875,30,16,0.97314453125,454.2177734375
9,20,285.6884765625,11,29,0.97412109375,334.7705078125
15,20,283.04443359375,15,3,0.98046875,308.41259765625
4,26,282.81103515625,26,19,0.970703125,500.4990234375
12,13,282.185546875,11,25,0.9794921875,100.576171875
5,22,281.95556640625,23,24,0.9716796875,502.4326171875
16,18,279.22998046875,4,7,0.97265625,245.62646484375
6,12,278.71337890625,27,20,0.97900390625,445.47900390625
17,20,275.80859375,3,8,0.9716796875,70.15673828125
22,23,275.62158203125,8,14,0.97265625,73.119140625
1,16,275.55712890625,10,28,0.982421875,603.1005859375
24,26,275.22509765625,27,0,0.98193359375,97.99658203125
12,20,272.3671875,18,27,0.97119140625,360.57177734375
2,21,272.15234375,0,5,0.978515625,525.365234375
21,30,271.48974609375,24,21,0.97119140625,207.83544921875
20,20,271.3994140625,25,2,0.9833984375,193.34619140625
10,15,270.38818359375,10,7,0.984375,479.11474609375
3,17,270.27978515625,28,7,0.97216796875,483.72314453125
1,12,269.669921875,21,29,0.97021484375,432.22705078125
16,30,268.81298828125,0,9,0.970703125,369.41064453125
6,14,266.8359375,9,10,0.9736328125,11.6611328125
6,17,264.1953125,10,4,0.97021484375,338.5146484375
13,16,263.00927734375,28,31,0.98193359375,373.947265625
18,18,260.35107421875,6,24,0.978515625,394.04443359375
7,16,260.0322265625,14,22,0.9775390625,434.3271484375
5,31,259.865234375,14,23,0.97216796875,395.46240234375
18,29,259.6201171875,23,22,0.970703125,256.73046875
15,18,258.58056640625,9,2,0.97509765625,311.53173828125
27,30,256.9619140625,16,12,0.974609375,86.83935546875
3,16,256.13525390625,7,29,0.98046875,428.58447265625
2,17,250.71533203125,13,8,0.9794921875,540.4638671875
6,13,250.6953125,2,24,0.9775390625,489.76220703125
9,16,250.05126953125,5,30,0.98486328125,482.310546875
18,19,249.91015625,25,2,0.974609375,305.79150390625
3,12,247.01318359375,19,28,0.9765625,526.18408203125
26,30,245.39404296875,14,25,0.9716796875,125.2216796875
5,17,244.75634765625,26,17,0.974609375,441.15234375
23,30,243.25927734375,6,11,0.9833984375,228.970703125
16,29,241.97216796875,0,21,0.97705078125,369.41064453125
10,18,240.849609375,11,26,0.978515625,431.5390625
22,30,237.59765625,14,1,0.970703125,161.7314453125
2,13,237.10400390625,31,29,0.97265625,440.552734375
10,19,234.0302734375,11,19,0.9716796875,431.5390625
20,27,233.9326171875,30,20,0.974609375,230.0361328125
25,26,232.49609375,18,3,0.97607421875,119.806640625
8,14,230.7978515625,14,9,0.970703125,226.87548828125
28,31,229.98681640625,15,21,0.98046875,108.630859375
6,29,229.80029296875,19,26,0.97021484375,435.9765625
18,18,228.13623046875,17,15,0.9833984375,417.23974609375
2,14,227.70068359375,5,11,0.97900390625,597.638671875
5,12,227.43212890625,6,13,0.970703125,106.97265625
5,15,227.330078125,21,0,0.97314453125,457.93359375
21,22,226.70458984375,13,10,0.98779296875,219.6962890625
20,26,224.880859375,23,31,0.9765625,107.46435546875
18,30,224.1630859375,17,18,0.970703125,417.23974609375
1,16,223.486328125,11,2,0.97265625,586.35546875
7,17,221.37353515625,11,11,0.97412109375,352.94140625
17,27,218.33203125,24,23,0.97509765625,86.8046875
4,21,218.28662109375,4,4,0.970703125,351.99072265625
10,12,215.00439453125,24,21,0.97705078125,63.419921875
15,29,209.3837890625,16,8,0.97216796875,417.892578125
18,26,207.390625,4,13,0.97607421875,260.5673828125
7,9,206.9072265625,18,26,0.97412109375,215.34130859375
24,29,205.8994140625,6,20,0.97216796875,218.49658203125
20,30,204.0625,14,29,0.982421875,248.72119140625
21,25,203.38037109375,13,7,0.97509765625,219.6962890625
2,9,202.82568359375,11,24,0.97607421875,545.0244140625
5,18,202.67138671875,21,12,0.970703125,457.93359375
18,18,202.0888671875,28,11,0.98388671875,364.34716796875
19,21,200.8974609375,31,28,0.9755859375,304.78759765625
6,9,200.77294921875,25,9,0.9736328125,341.29443359375
7,10,200.11279296875,17,9,0.9716796875,198.693359375
2,9,198.88671875,8,8,0.97998046875,503.56005859375
5,8,198.5615234375,28,21,0.97998046875,352.162109375
25,25,196.62548828125,6,14,0.9873046875,102.64404296875
8,9,196.11181640625,22,4,0.97412109375,369.3212890625
26,26,195.720703125,27,12,0.978515625,91.73193359375
16,30,195.0546875,0,3,0.97119140625,369.41064453125
24,30,194.54345703125,19,15,0.97412109375,240.30078125
3,8,190.73486328125,8,5,0.9794921875,426.71923828125
6,7,190.7080078125,18,31,0.98046875,471.9326171875
23,30,190.125,20,27,0.97119140625,101.73681640625
16,24,189.5947265625,21,17,0.98095703125,429.6015625
2,8,188.99169921875,4,23,0.98291015625,557.90771484375
2,8,188.68603515625,25,6,0.97265625,431.90966796875
4,9,188.2001953125,30,7,0.9765625,474.08837890625
2,7,185.81005859375,18,29,0.97900390625,525.18017578125
4,11,185.38427734375,0,16,0.97314453125,500.2529296875
24,26,184.74609375,26,29,0.9873046875,146.78515625
20,23,184.68994140625,15,5,0.98046875,312.8232421875
15,23,180.6171875,17,27,0.970703125,321.79541015625
14,14,180.40087890625,1,25,0.97119140625,48.96875
2,7,174.765625,4,4,0.98193359375,557.90771484375
2,16,174.53173828125,3,7,0.97265625,579.234375
18,27,173.25927734375,9,22,0.9755859375,191.40771484375
1,8,171.5126953125,10,16,0.97607421875,603.1005859375
1,6,166.41064453125,0,3,0.978515625,512.21044921875
24,25,166.26953125,23,12,0.9873046875,108.771484375
1,6,165.74560546875,4,17,0.97802734375,487.568359375
16,25,165.3115234375,0,13,0.9814453125,369.41064453125
14,14,161.78662109375,4,16,0.97216796875,73.21533203125
3,7,161.4755859375,8,1,0.97998046875,426.71923828125
16,19,161.12890625,23,0,0.974609375,51.56884765625
1,7,161.103515625,10,12,0.978515625,603.1005859375
8,11,159.94189453125,15,18,0.974609375,187.8681640625
2,6,159.5673828125,2,0,0.9775390625,477.984375
21,22,158.47119140625,24,12,0.9775390625,207.83544921875
13,22,158.1796875,26,31,0.9736328125,390.12109375
18,26,158.00146484375,25,30,0.97021484375,305.79150390625
2,7,157.39794921875,5,2,0.97900390625,597.638671875
4,6,157.23974609375,8,5,0.9716796875,241.4560546875
25,25,156.85693359375,1,22,0.97021484375,158.93212890625
23,24,156.45947265625,20,18,0.98583984375,101.73681640625
3,6,156.3017578125,16,23,0.97509765625,497.02783203125
10,11,155.88232421875,15,17,0.978515625,447.7685546875
2,6,150.365234375,8,14,0.97509765625,503.56005859375
20,23,149.64404296875,23,13,0.9814453125,107.46435546875
5,6,149.47607421875,15,1,0.97998046875,421.16162109375
2,8,149.05712890625,8,13,0.97021484375,503.56005859375
16,21,148.33740234375,9,25,0.9765625,190.095703125
7,12,148.31396484375,20,3,0.9755859375,379.1064453125
3,7,146.3017578125,29,9,0.97900390625,468.865234375
22,23,144.732421875,15,12,0.9892578125,164.53125
21,23,144.58642578125,0,25,0.97412109375,287.0859375
11,15,144.306640625,7,13,0.97119140625,51.62646484375
24,27,143.90771484375,24,5,0.98779296875,129.22705078125
1,6,142.92333984375,15,11,0.97509765625,407.6455078125
3,5,139.1845703125,13,0,0.98095703125,432.240234375
10,12,137.69873046875,16,8,0.974609375,128.412109375
1,6,137.54052734375,0,30,0.97607421875,512.21044921875
18,24,136.07421875,28,20,0.9775390625,364.34716796875
25,27,136.01318359375,15,6,0.9873046875,133.99755859375
1,6,135.9736328125,20,8,0.9765625,205.61083984375
20,27,134.98046875,23,4,0.974609375,107.46435546875
5,6,134.89208984375,25,15,0.9716796875,295.3544921875
19,20,134.84765625,1,1,0.984375,390.6220703125
10,10,134.62890625,17,6,0.9765625,245.505859375
5,5,134.2587890625,1,12,0.9736328125,368.32275390625
22,24,134.119140625,8,25,0.97216796875,73.119140625
1,5,132.29638671875,7,29,0.9814453125,547.6005859375
22,22,131.66943359375,28,27,0.9736328125,233.96533203125
3,7,131.650390625,9,13,0.9716796875,476.00146484375
4,11,131.3388671875,21,31,0.9716796875,442.02880859375
5,8,130.53271484375,21,7,0.97607421875,457.93359375
25,30,129.86962890625,5,30,0.98046875,78.271484375
11,11,129.6005859375,30,10,0.9775390625,332.56494140625
23,26,129.294921875,6,15,0.986328125,228.970703125
1,12,128.78759765625,10,24,0.97119140625,603.1005859375
2,5,128.34423828125,9,2,0.9833984375,510.4951171875
7,12,126.8310546875,14,25,0.97265625,434.3271484375
2,5,126.19580078125,6,3,0.98095703125,635.41650390625
12,12,123.93310546875,30,15,0.98388671875,380.18359375
9,12,121.98486328125,30,27,0.9765625,81.77294921875
1,4,119.63818359375,1,18,0.98291015625,482.810546875
22,28,118.77392578125,28,0,0.974609375,233.96533203125
3,4,117.623046875,4,10,0.9755859375,408.94140625
12,12,117.12353515625,31,9,0.984375,408.634765625
9,21,117.02734375,6,29,0.97021484375,481.0546875
4,6,116.85009765625,29,4,0.9716796875,480.650390625
11,12,116.1416015625,9,6,0.97998046875,209.55810546875
13,15,116.0400390625,20,14,0.97607421875,68.41748046875
2,4,115.70068359375,29,13,0.9833984375,512.2216796875
4,4,115.59716796875,25,3,0.98388671875,489.0087890625
5,5,115.4501953125,14,13,0.99609375,395.46240234375
2,5,115.2392578125,1,27,0.978515625,578.05322265625
15,15,114.1025390625,15,27,0.98095703125,308.41259765625
18,29,113.89013671875,23,11,0.970703125,256.73046875
24,28,113.0517578125,24,13,0.9775390625,129.22705078125
2,4,112.5751953125,2,17,0.97802734375,477.984375
12,12,112.32666015625,30,1,0.97900390625,380.18359375
1,7,112.05029296875,11,19,0.97216796875,586.35546875
2,4,111.60595703125,16,11,0.98193359375,531.24462890625
3,4,111.5087890625,26,2,0.9814453125,402.88916015625
10,11,108.47802734375,16,22,0.9716796875,128.412109375
2,4,108.4619140625,19,31,0.97900390625,510.13427734375
18,21,108.220703125,16,31,0.9716796875,169.91796875
8,12,107.40087890625,12,5,0.97314453125,89.52880859375
15,21,107.302734375,26,15,0.97705078125,43.9375
3,4,106.5517578125,2,9,0.97119140625,183.99169921875
9,12,105.3125,28,2,0.9716796875,333.26611328125
2,6,105.310546875,7,26,0.970703125,534.42822265625
2,4,104.5498046875,9,7,0.974609375,510.4951171875
1,4,103.69384765625,26,14,0.982421875,492.74609375
3,4,103.609375,8,22,0.974609375,426.71923828125
24,28,103.5546875,23,27,0.98388671875,108.771484375
17,21,103.3935546875,3,12,0.9775390625,70.15673828125
12,14,100.60009765625,10,7,0.97607421875,40.958984375
10,14,100.53466796875,17,21,0.982421875,245.505859375
16,29,100.38916015625,21,9,0.9716796875,429.6015625
13,15,99.4501953125,7,5,0.97265625,158.80224609375
24,27,98.951171875,19,7,0.97216796875,240.30078125
14,14,98.58837890625,29,23,0.9716796875,19.52294921875
20,22,96.7978515625,20,13,0.98193359375,165.8994140625
10,16,96.47998046875,4,11,0.97314453125,467.95654296875
15,15,95.751953125,24,20,0.9775390625,378.13818359375
20,21,94.60693359375,15,2,0.98095703125,312.8232421875
2,15,94.44921875,1,28,0.9736328125,578.05322265625
11,13,93.5322265625,1,31,0.9716796875,61.45556640625
15,15,91.81982421875,23,11,0.98583984375,105.369140625
7,7,91.65673828125,28,15,0.98388671875,456.181640625
5,11,90.7158203125,24,8,0.97021484375,443.05078125
2,14,89.65478515625,24,26,0.97021484375,551.94970703125
2,3,89.20068359375,13,25,0.98095703125,540.4638671875
3,3,89.1884765625,1,14,0.98291015625,420.4990234375
3,7,88.63916015625,8,5,0.970703125,426.71923828125
15,18,87.9267578125,21,22,0.97412109375,21.47265625
11,12,86.82177734375,19,4,0.97021484375,339.6220703125
16,18,85.8701171875,9,18,0.9775390625,190.095703125
3,3,83.1982421875,22,30,0.9775390625,278.55615234375
1,3,82.3486328125,21,17,0.98681640625,432.22705078125
10,11,82.013671875,7,23,0.97216796875,266.9150390625
2,4,81.9072265625,0,20,0.97216796875,525.365234375
1,3,80.14990234375,26,24,0.97265625,492.74609375
1,3,80.083984375,14,27,0.97607421875,503.92626953125
2,6,79.93603515625,14,24,0.9716796875,331.177734375
21,21,79.93310546875,13,14,0.9931640625,219.6962890625
11,12,79.90625,11,0,0.97607421875,215.49267578125
13,16,79.203125,16,24,0.98046875,121.111328125
3,4,78.08251953125,10,23,0.970703125,441.369140625
15,18,77.97607421875,4,0,0.97412109375,290.6728515625
14,14,77.06298828125,3,14,0.97265625,35.1728515625
4,7,77.0341796875,19,26,0.974609375,367.34228515625
13,16,76.21240234375,12,19,0.982421875,129.9482421875
9,14,76.158203125,18,6,0.97021484375,208.380859375
2,3,74.27197265625,12,20,0.97607421875,458.533203125
16,17,72.1591796875,9,25,0.974609375,190.095703125
8,8,72.11572265625,17,18,0.99267578125,128.4775390625
3,5,72.0732421875,12,16,0.9716796875,256.04296875
17,19,71.17041015625,22,12,0.97509765625,442.8955078125
15,20,69.38916015625,3,26,0.97119140625,160.6552734375
14,19,69.3720703125,22,3,0.9814453125,88.7958984375
11,14,69.18896484375,1,24,0.9736328125,61.45556640625
17,20,68.39111328125,27,24,0.98095703125,266.77392578125
4,7,67.25732421875,28,21,0.9716796875,430.76904296875
8,13,66.3232421875,30,15,0.970703125,89.59619140625
13,14,65.4541015625,11,0,0.97705078125,59.58837890625
7,11,64.36474609375,11,27,0.970703125,352.94140625
3,6,64.30126953125,12,21,0.97265625,256.04296875
28,30,64.2822265625,18,24,0.978515625,59.52978515625
16,18,63.48779296875,9,8,0.97412109375,190.095703125
10,11,63.38818359375,25,3,0.97802734375,67.2763671875
10,14,63.373046875,0,18,0.978515625,323.39990234375
7,11,62.35498046875,27,4,0.970703125,158.60693359375
4,4,61.40869140625,15,1,0.970703125,472.294921875
15,15,61.408203125,8,25,0.9716796875,260.37109375
13,13,60.4580078125,12,14,0.9912109375,129.9482421875
1,2,59.919921875,28,26,0.97021484375,69.099609375
2,2,59.8447265625,11,17,0.98486328125,545.0244140625
15,15,58.482421875,1,29,0.9833984375,41.875
1,2,57.8857421875,26,10,0.9775390625,492.74609375
2,7,57.544921875,5,6,0.9736328125,597.638671875
1,2,56.8955078125,12,30,0.9716796875,211.1669921875
17,17,56.64306640625,29,26,0.97802734375,17.55908203125
10,11,54.67138671875,22,24,0.970703125,21.44580078125
19,22,54.603515625,14,2,0.9736328125,314.7802734375
2,7,53.63232421875,6,22,0.970703125,635.41650390625
23,30,53.61767578125,6,26,0.97021484375,228.970703125
7,8,53.59765625,16,10,0.9775390625,205.6103515625
13,14,52.8671875,12,28,0.97998046875,129.9482421875
20,22,52.66650390625,25,0,0.97119140625,193.34619140625
10,10,52.5859375,25,26,0.986328125,67.2763671875
9,9,52.57470703125,18,25,0.970703125,208.380859375
13,14,48.9638671875,21,30,0.9755859375,13.65234375
7,7,47.76416015625,23,7,0.974609375,111.9306640625
14,15,45.935546875,3,22,0.9794921875,35.1728515625
5,11,45.81103515625,24,2,0.9755859375,443.05078125
2,5,45.77294921875,13,22,0.97412109375,540.4638671875
5,8,43.86279296875,19,28,0.97119140625,457.57421875
16,19,42.85498046875,1,13,0.9716796875,162.1337890625
2,2,41.98095703125,12,15,0.982421875,458.533203125
7,8,41.87353515625,30,19,0.97265625,454.2177734375
2,4,40.92333984375,11,12,0.970703125,545.0244140625
9,11,40.064453125,18,26,0.9775390625,208.380859375
14,14,40.060546875,1,20,0.98291015625,48.96875
15,16,39.9765625,15,25,0.97314453125,308.41259765625
14,14,39.14111328125,13,5,0.9794921875,17.57373046875
7,7,38.958984375,18,24,0.9716796875,215.34130859375
18,21,38.044921875,20,26,0.97216796875,74.01513671875
7,7,38.01416015625,16,10,0.9814453125,205.6103515625
4,12,37.96484375,26,12,0.97265625,500.4990234375
9,10,37.09375,14,23,0.9755859375,58.4345703125
9,11,37.017578125,15,21,0.9716796875,99.30615234375
1,28,36.9970703125,13,26,0.97119140625,182.09521484375
15,16,36.0966796875,26,26,0.974609375,43.9375
16,17,35.091796875,8,28,0.9736328125,15.6201171875
13,13,34.27685546875,4,13,0.97802734375,25.35693359375
2,2,34.169921875,7,22,0.97021484375,534.42822265625
2,2,34.1669921875,0,20,0.9716796875,525.365234375
10,10,34.15185546875,17,21,0.970703125,245.505859375
13,16,33.15673828125,18,27,0.970703125,32.2109375
13,13,31.30908203125,7,0,0.9765625,158.80224609375
4,4,31.17724609375,21,6,0.97216796875,442.02880859375
1,1,30.5146484375,1,2,0.98681640625,482.810546875
1,1,30.50830078125,11,9,0.99169921875,586.35546875
1,1,30.48388671875,16,8,0.9775390625,362.8896484375
13,13,30.3037109375,11,17,0.98291015625,59.58837890625
10,11,30.24365234375,24,14,0.9736328125,63.419921875
9,9,30.22705078125,29,23,0.9736328125,12.6376953125
1,1,29.56689453125,10,25,0.98974609375,603.1005859375
13,13,29.318359375,20,10,0.9853515625,68.41748046875
28,30,29.3134765625,18,2,0.9833984375,59.52978515625
9,9,29.298828125,29,0,0.97021484375,12.6376953125
8,9,29.248046875,30,21,0.97119140625,89.59619140625
1,1,28.53271484375,5,6,0.9921875,475.71337890625
14,14,28.35693359375,1,31,0.9814453125,48.96875
13,13,28.1865234375,7,22,0.9716796875,158.80224609375
1,1,27.47998046875,17,30,0.9814453125,456.8837890625
8,9,27.30224609375,12,22,0.97021484375,89.52880859375
10,10,27.2978515625,7,14,0.9775390625,266.9150390625
1,1,26.4052734375,0,22,0.97412109375,512.21044921875
1,1,25.41455078125,14,18,0.97119140625,503.92626953125
11,11,25.33203125,25,15,0.97607421875,168.60400390625
4,5,24.35888671875,5,7,0.97314453125,427.53076171875
8,10,24.34130859375,9,28,0.970703125,25.35009765625
20,20,24.31982421875,10,9,0.98388671875,337.6806640625
13,14,23.4638671875,20,2,0.974609375,68.41748046875
10,13,23.4287109375,3,5,0.97119140625,79.84765625
2,15,23.40283203125,6,2,0.970703125,635.41650390625
7,14,23.37158203125,3,17,0.97216796875,293.08154296875
13,13,23.33740234375,2,23,0.97216796875,15.5771484375
9,10,22.4560546875,29,20,0.9716796875,12.6376953125
11,11,22.4345703125,20,13,0.9794921875,297.46435546875
8,8,22.4228515625,14,0,0.974609375,226.87548828125
5,6,22.42041015625,24,20,0.9755859375,443.05078125
13,13,22.41748046875,27,6,0.978515625,274.64208984375
22,28,21.44140625,28,20,0.970703125,233.96533203125
5,6,21.42236328125,20,28,0.97021484375,429.5810546875
9,10,20.490234375,27,13,0.97314453125,4.85888671875
8,9,20.46728515625,15,16,0.97119140625,187.8681640625
11,13,19.58349609375,7,9,0.970703125,51.62646484375
8,10,18.509765625,17,27,0.97314453125,128.4775390625
7,10,18.4951171875,23,30,0.9716796875,111.9306640625
4,5,16.56982421875,21,18,0.97509765625,442.02880859375
11,11,15.61962890625,7,5,0.990234375,51.62646484375
1,1,14.6435546875,28,23,0.97119140625,69.099609375
11,11,14.630859375,1,0,0.98291015625,61.45556640625
6,7,14.6142578125,2,25,0.970703125,489.76220703125
3,3,14.60595703125,12,0,0.974609375,256.04296875
13,13,13.69140625,11,1,0.98046875,59.58837890625
13,13,13.689453125,12,3,0.9765625,129.9482421875
2,4,13.638671875,3,16,0.9716796875,579.234375
14,14,13.63232421875,15,12,0.9814453125,84.958984375
16,16,12.71142578125,21,20,0.97998046875,429.6015625
4,6,12.6748046875,15,22,0.9736328125,472.294921875
13,13,11.740234375,11,8,0.98291015625,59.58837890625
8,8,11.7275390625,25,27,0.98486328125,8.8017578125
9,9,11.7138671875,1,12,0.9736328125,6.82080078125
7,10,11.6923828125,23,29,0.97119140625,111.9306640625
10,13,11.68115234375,24,30,0.970703125,63.419921875
17,17,11.677734375,21,31,0.974609375,9.7412109375
9,9,10.75830078125,14,17,0.97412109375,58.4345703125
2,2,10.74169921875,14,21,0.97119140625,331.177734375
9,9,10.71728515625,29,3,0.97119140625,12.6376953125
15,16,10.712890625,26,10,0.9765625,43.9375
2,5,9.77294921875,23,11,0.97314453125,270.6953125
7,10,9.763671875,3,1,0.97216796875,293.08154296875
7,11,9.7578125,3,6,0.97021484375,293.08154296875
8,8,8.8056640625,30,24,0.97021484375,89.59619140625
8,9,8.79541015625,9,13,0.97412109375,25.35009765625
8,8,7.837890625,17,26,0.9765625,128.4775390625
18,19,7.80322265625,9,9,0.97216796875,191.40771484375
8,8,6.83447265625,9,29,0.97509765625,25.35009765625
5,6,5.83544921875,17,6,0.97119140625,4.86572265625
9,9,4.8818359375,1,2,0.9755859375,6.82080078125
9,9,4.87158203125,29,20,0.9716796875,12.6376953125
8,8,3.90478515625,9,8,0.98291015625,25.35009765625
6,6,3.8974609375,2,31,0.97216796875,489.76220703125
5,5,2.98046875,8,9,0.994140625,2.978515625
5,5,2.97705078125,8,10,0.99365234375,2.978515625
10,10,2.931640625,0,2,0.9765625,323.39990234375
8,8,2.92333984375,9,31,0.9716796875,25.35009765625
10,10,2.912109375,17,19,0.97119140625,245.505859375
5,5,1.95361328125,6,4,0.98291015625,106.97265625
8,8,1.951171875,9,11,0.97412109375,25.35009765625
8,8,1.94921875,3,1,0.9736328125,167.37646484375
10,11,1.94580078125,3,12,0.97119140625,79.84765625
9,9,0.97412109375,28,31,0.97412109375,333.26611328125
0,0,0.9736328125,24,26,0.9736328125,0.9736328125
10,10,0.970703125,3,18,0.970703125,79.84765625
