2,4,0,25,2,0.99462890625,1.0073952341824157
2,3,0,16,2,0.994140625,0.9941648431801605
2,3,0,11,11,0.99365234375,1.0480549199084668
2,3,0,11,15,0.9931640625,1.0450038138825324
2,4,0,19,0,0.9931640625,1.1219512195121952
3,4,0,5,28,0.9931640625,1.002967359050445
3,4,0,20,10,0.9931640625,0.9486426999266324
2,3,0,16,12,0.99267578125,0.9336250911743253
2,3,0,28,30,0.99267578125,1.101401483924155
1,2,0,2,27,0.9921875,1.4252619966905682
2,3,0,10,4,0.9921875,1.0380165289256198
2,3,0,10,14,0.9921875,1.1322314049586777
2,3,0,10,23,0.9921875,1.012396694214876
2,3,0,16,10,0.9921875,1.0226112326768781
2,3,0,16,13,0.9921875,1.024799416484318
2,3,0,16,24,0.9921875,0.9606126914660832
2,3,0,28,18,0.9921875,1.0469909315746084
2,4,0,16,4,0.9921875,0.8205689277899344
18,19,0,8,3,0.9921875,0.9736625514403292
2,3,0,6,7,0.99169921875,1.0189431704885343
3,4,0,5,27,0.99169921875,0.9562314540059347
3,4,0,22,22,0.99169921875,0.9743964886613021
4,5,0,7,28,0.99169921875,1.0147186147186147
4,5,0,26,10,0.99169921875,0.9362920544022906
2,3,0,25,29,0.9912109375,1.0361544782251437
2,4,0,25,14,0.9912109375,1.019720624486442
6,8,0,27,10,0.9912109375,0.9625935162094763
29,30,0,1,13,0.9912109375,1.1417004048582995
2,3,0,8,19,0.99072265625,1.0008237232289952
2,3,0,31,16,0.99072265625,1.0998349834983498
2,4,0,10,24,0.99072265625,1.0917355371900825
3,4,0,25,5,0.99072265625,0.8768844221105527
4,5,0,7,26,0.99072265625,1.0216450216450217
4,5,0,8,25,0.99072265625,0.9719387755102041
4,5,0,9,9,0.99072265625,1.024031007751938
21,23,0,23,19,0.99072265625,0.9875207986688852
22,25,0,0,10,0.99072265625,1.0141666666666667
28,29,0,27,6,0.99072265625,1.0970873786407767
2,5,0,20,3,0.990234375,0.9346517626827171
3,5,0,0,27,0.990234375,0.9568884723523898
3,5,0,3,0,0.990234375,1.0203636363636364
3,5,0,20,24,0.990234375,0.9735876742479824
3,6,0,5,19,0.990234375,0.9658753709198813
5,6,0,16,5,0.990234375,0.90895410082769
5,7,0,16,9,0.990234375,0.9563581640331076
9,10,0,27,25,0.990234375,0.9379947229551451
18,20,0,11,14,0.990234375,0.9925434962717481
22,23,0,0,21,0.990234375,0.9516666666666667
22,23,0,0,24,0.990234375,1.075
22,23,0,0,25,0.990234375,0.9583333333333334
26,28,0,16,1,0.990234375,1.0308734939759037
2,3,0,9,21,0.98974609375,0.989804587935429
2,4,0,10,11,0.98974609375,1.084297520661157
2,4,0,13,3,0.98974609375,1.037124802527646
2,4,0,28,19,0.98974609375,1.085737840065952
3,5,0,8,5,0.98974609375,1.1548757170172084
3,6,0,5,3,0.98974609375,0.9910979228486647
12,13,0,23,15,0.98974609375,0.8572567783094099
18,19,0,17,30,0.98974609375,0.8905172413793103
18,20,0,8,7,0.98974609375,0.9818930041152263
21,22,0,22,26,0.98974609375,1.037037037037037
21,22,0,24,20,0.98974609375,1.024232633279483
22,23,0,0,15,0.98974609375,1.005
22,23,0,0,27,0.98974609375,0.9758333333333333
22,24,0,0,19,0.98974609375,0.9391666666666667
24,30,0,28,20,0.98974609375,1.0892465252377468
29,30,0,1,0,0.98974609375,1.1060728744939272
1,2,0,2,15,0.9892578125,1.4528405956977386
2,3,0,25,1,0.9892578125,1.0558751027115858
2,3,0,25,9,0.9892578125,1.0073952341824157
2,3,0,28,6,0.9892578125,0.9934047815333883
2,4,0,10,15,0.9892578125,1.0553719008264464
2,4,0,16,25,0.9892578125,0.9474835886214442
2,5,0,6,17,0.9892578125,1.0638085742771686
3,4,0,25,12,0.9892578125,0.8685092127303182
3,5,0,5,18,0.9892578125,1.0378338278931751
3,5,0,27,12,0.9892578125,1.0
3,6,0,8,7,0.9892578125,0.9502868068833652
6,7,0,27,24,0.9892578125,1.0689941812136325
6,9,0,27,4,0.9892578125,0.8520365752285952
21,22,0,17,5,0.9892578125,0.9795744680851064
21,24,0,12,10,0.9892578125,0.9992119779353822
21,27,0,24,14,0.9892578125,0.9499192245557351
22,29,0,0,3,0.9892578125,1.0633333333333332
23,27,0,30,1,0.9892578125,1.0395189003436427
27,29,0,10,16,0.9892578125,1.05
28,30,0,27,6,0.9892578125,1.1286407766990292
1,2,0,2,29,0.98876953125,1.5002757859900717
2,20,0,6,23,0.98876953125,1.1016949152542372
3,4,0,25,17,0.98876953125,1.0209380234505863
4,5,0,8,8,0.98876953125,1.1301020408163265
6,12,0,27,29,0.98876953125,1.1604322527015793
13,18,0,6,29,0.98876953125,1.2381422924901186
16,17,0,25,25,0.98876953125,0.9439088518843121
18,19,0,8,28,0.98876953125,0.8329218106995885
19,20,0,29,9,0.98876953125,1.0219341974077767
21,22,0,23,18,0.98876953125,0.8968386023294509
21,24,0,23,9,0.98876953125,1.0083194675540765
22,23,0,0,14,0.98876953125,0.9041666666666667
22,27,0,0,21,0.98876953125,0.9641666666666666
22,27,0,0,24,0.98876953125,1.1183333333333334
23,27,0,30,5,0.98876953125,1.0378006872852235
2,5,0,14,13,0.98828125,1.0234782608695652
2,5,0,20,21,0.98828125,0.939810834049871
2,5,0,25,4,0.98828125,1.096138044371405
2,8,0,25,9,0.98828125,0.9161873459326212
3,4,0,17,20,0.98828125,1.064711830131446
4,5,0,8,11,0.98828125,1.1539115646258504
4,5,0,8,29,0.98828125,1.0255102040816326
8,16,0,16,11,0.98828125,1.037842190016103
18,20,0,8,21,0.98828125,0.8823045267489712
18,22,0,19,1,0.98828125,0.9370139968895801
18,27,0,17,23,0.98828125,0.9827586206896551
20,21,0,16,21,0.98828125,1.188883170355121
21,22,0,17,13,0.98828125,0.9421276595744681
22,23,0,0,13,0.98828125,0.9041666666666667
22,23,0,19,8,0.98828125,0.9739583333333334
22,25,0,28,24,0.98828125,1.011844331641286
22,27,0,0,13,0.98828125,0.9608333333333333
24,30,0,28,19,0.98828125,0.9882955376737381
27,28,0,18,8,0.98828125,0.9968228752978554
28,30,0,10,17,0.98828125,1.0910780669144982
28,30,0,27,23,0.98828125,1.1084142394822007
28,31,0,18,10,0.98828125,0.8261648745519713
29,30,0,1,22,0.98828125,1.1279352226720647
29,30,0,1,29,0.98828125,1.0291497975708501
0,1,0,15,12,0.98779296875,1.3889776357827477
2,4,0,9,31,0.98779296875,1.0339847068819032
2,4,0,28,18,0.98779296875,1.06760098928277
2,7,0,25,17,0.98779296875,0.9728841413311422
4,7,0,26,18,0.98779296875,0.9599141016463851
5,6,0,31,1,0.98779296875,1.0083256244218317
5,8,0,16,15,0.98779296875,0.9706546275395034
6,7,0,27,7,0.98779296875,0.9110556940980881
8,10,0,30,5,0.98779296875,0.9749240121580547
9,10,0,26,7,0.98779296875,0.9206349206349206
9,11,0,15,25,0.98779296875,0.9139784946236559
9,14,0,7,8,0.98779296875,0.9910858995137763
12,18,0,23,25,0.98779296875,0.8915470494417863
17,20,0,21,19,0.98779296875,1.0457943925233646
18,21,0,3,15,0.98779296875,0.9846678023850085
18,26,0,17,17,0.98779296875,1.1060344827586206
20,21,0,26,11,0.98779296875,0.9558680892337537
20,23,0,16,26,0.98779296875,1.3535769428718476
21,22,0,4,9,0.98779296875,0.9956709956709957
21,25,0,23,12,0.98779296875,0.9825291181364393
22,24,0,0,12,0.98779296875,1.0083333333333333
22,24,0,0,31,0.98779296875,0.8675
22,24,0,28,25,0.98779296875,0.9314720812182741
22,26,0,0,5,0.98779296875,1.0341666666666667
22,28,0,0,15,0.98779296875,1.0991666666666666
23,24,0,20,15,0.98779296875,1.0121836925960637
24,26,0,20,12,0.98779296875,1.1185185185185185
25,27,0,8,19,0.98779296875,0.9609582963620231
27,30,0,0,3,0.98779296875,1.035294117647059
28,29,0,26,29,0.98779296875,0.9356164383561644
28,29,0,27,0,0.98779296875,1.1213592233009708
30,31,0,7,26,0.98779296875,0.7570754716981132
1,2,0,21,7,0.9873046875,1.4416299559471366
1,2,0,22,5,0.9873046875,1.0258014073494919
1,2,0,22,24,0.9873046875,1.055512118842846
2,4,0,12,6,0.9873046875,0.9847908745247148
2,4,0,25,23,0.9873046875,1.1101068200493016
2,4,0,25,29,0.9873046875,1.0698438783894824
2,4,0,25,30,0.9873046875,1.0238290879211176
2,5,0,25,1,0.9873046875,0.8627773212818406
2,5,0,25,6,0.9873046875,0.990139687756779
2,7,0,8,1,0.9873046875,0.8731466227347611
2,7,0,20,15,0.9873046875,0.8619948409286329
2,15,0,25,6,0.9873046875,0.9022185702547247
2,18,0,11,27,0.9873046875,1.032036613272311
3,6,0,20,24,0.9873046875,0.8694057226705796
5,6,0,30,29,0.9873046875,0.9895749799518845
9,18,0,13,22,0.9873046875,0.9672897196261683
14,15,0,31,1,0.9873046875,1.0867237687366167
17,19,0,23,20,0.9873046875,0.974290780141844
18,20,0,11,17,0.9873046875,1.0049710024855012
18,21,0,8,7,0.9873046875,0.9432098765432099
18,21,0,17,3,0.9873046875,1.0232758620689655
18,24,0,2,21,0.9873046875,0.8930868167202572
18,29,0,17,7,0.9873046875,0.978448275862069
21,23,0,17,2,0.9873046875,0.9812765957446808
21,24,0,23,2,0.9873046875,0.908485856905158
21,25,0,23,1,0.9873046875,0.9093178036605657
22,23,0,0,12,0.9873046875,0.8633333333333333
22,23,0,0,22,0.9873046875,0.8808333333333334
22,28,0,29,24,0.9873046875,1.1694444444444445
23,24,0,20,11,0.9873046875,1.0271790065604498
23,24,0,31,17,0.9873046875,0.9817073170731707
23,28,0,30,21,0.9873046875,1.0025773195876289
29,30,0,1,21,0.9873046875,1.1012145748987854
29,30,0,1,24,0.9873046875,1.0534412955465586
2,6,0,6,0,0.98681640625,1.0219341974077767
2,9,0,11,16,0.98681640625,0.8810068649885584
2,21,0,25,14,0.98681640625,1.0024650780608053
2,25,0,25,9,0.98681640625,1.0402629416598193
2,30,0,3,11,0.98681640625,1.2349949135300102
4,5,0,9,14,0.98681640625,0.9682170542635659
5,6,0,16,10,0.98681640625,0.9525959367945824
9,18,0,13,14,0.98681640625,1.0158878504672897
11,13,0,0,16,0.98681640625,1.0232758620689655
12,13,0,23,14,0.98681640625,0.8421052631578947
12,17,0,27,15,0.98681640625,0.989247311827957
13,19,0,6,22,0.98681640625,1.0158102766798418
16,17,0,25,27,0.98681640625,0.9544259421560035
16,22,0,12,11,0.98681640625,1.1277817659727207
17,19,0,4,24,0.98681640625,0.8731587561374795
18,19,0,8,23,0.98681640625,0.8325102880658436
18,21,0,8,18,0.98681640625,0.8567901234567902
18,25,0,17,6,0.98681640625,0.9206896551724137
18,30,0,17,28,0.98681640625,1.0318965517241379
19,21,0,6,9,0.98681640625,1.0241666666666667
20,21,0,1,26,0.98681640625,1.0319634703196348
20,22,0,26,14,0.98681640625,1.1416100872938895
20,27,0,15,17,0.98681640625,1.0181686046511629
21,22,0,24,6,0.98681640625,1.0274636510500808
22,24,0,0,26,0.98681640625,1.1875
22,26,0,0,0,0.98681640625,0.9208333333333333
22,29,0,0,11,0.98681640625,1.0158333333333334
22,29,0,0,17,0.98681640625,1.0075
24,26,0,22,11,0.98681640625,1.0225352112676056
24,27,0,28,3,0.98681640625,0.9473299195318216
25,26,0,0,21,0.98681640625,0.995507637017071
26,30,0,2,5,0.98681640625,1.1683348498635122
2,6,0,25,2,0.986328125,0.7764995891536566
2,13,0,8,29,0.986328125,0.9884678747940692
2,22,0,11,7,0.986328125,0.988558352402746
2,22,0,16,21,0.986328125,0.9934354485776805
3,4,0,25,1,0.986328125,0.8768844221105527
3,6,0,25,6,0.986328125,0.7780569514237856
3,8,0,22,11,0.986328125,0.9378200438917337
4,6,0,8,26,0.986328125,1.026360544217687
5,8,0,31,28,0.986328125,1.0296022201665125
7,8,0,8,13,0.986328125,0.8946515397082658
8,9,0,12,28,0.986328125,1.0807560137457044
8,14,0,30,30,0.986328125,0.918693009118541
9,12,0,7,0,0.986328125,1.0081037277147489
10,12,0,28,20,0.986328125,1.049053356282272
12,17,0,23,3,0.986328125,0.8277511961722488
13,17,0,6,29,0.986328125,1.0306324110671936
13,19,0,6,2,0.986328125,1.284584980237154
14,16,0,31,14,0.986328125,1.0278372591006424
16,17,0,8,7,0.986328125,0.9499602859412232
17,18,0,23,20,0.986328125,0.9813829787234043
18,19,0,8,25,0.986328125,0.9448559670781893
18,19,0,28,16,0.986328125,1.0780413159908186
18,23,0,8,16,0.986328125,1.025514403292181
18,25,0,17,4,0.986328125,1.0043103448275863
18,27,0,6,12,0.986328125,1.0192439862542955
19,21,0,29,19,0.986328125,0.9641076769690927
20,21,0,1,27,0.986328125,1.0146118721461188
22,25,0,0,23,0.986328125,0.9708333333333333
22,25,0,0,25,0.986328125,0.9375
22,27,0,28,22,0.986328125,0.9204737732656514
22,28,0,0,12,0.986328125,0.9608333333333333
22,28,0,0,16,0.986328125,0.9725
22,28,0,0,19,0.986328125,0.9141666666666667
22,29,0,0,20,0.986328125,0.9666666666666667
22,29,0,0,25,0.986328125,0.9275
23,24,0,0,16,0.986328125,0.9698015530629853
28,29,0,27,8,0.986328125,0.9110032362459547
1,2,0,22,0,0.98583984375,1.0078186082877247
1,2,0,22,17,0.98583984375,1.1250977326035965
2,8,0,28,21,0.98583984375,0.7947238252267106
2,24,0,25,7,0.98583984375,0.9096138044371405
3,4,0,25,16,0.98583984375,0.9296482412060302
4,7,0,7,30,0.98583984375,0.9922077922077922
5,22,0,16,10,0.98583984375,1.0451467268623025
6,7,0,21,2,0.98583984375,1.038398244651673
7,9,0,3,14,0.98583984375,0.9198841698841699
8,9,0,12,9,0.98583984375,1.0154639175257731
8,9,0,12,19,0.98583984375,1.092783505154639
8,9,0,12,22,0.98583984375,0.8960481099656358
8,17,0,27,19,0.98583984375,1.032085561497326
9,10,0,6,13,0.98583984375,0.9402489626556016
11,16,0,0,23,0.98583984375,1.0810344827586207
11,16,0,27,16,0.98583984375,0.9797033567525371
12,14,0,23,23,0.98583984375,0.886762360446571
13,15,0,27,2,0.98583984375,1.1819564115560062
18,25,0,17,14,0.98583984375,0.9112068965517242
19,21,0,6,31,0.98583984375,1.0258333333333334
19,21,0,9,29,0.98583984375,1.0599455040871935
21,22,0,12,2,0.98583984375,0.8203309692671394
21,23,0,8,5,0.98583984375,0.962738301559792
21,24,0,17,13,0.98583984375,0.9140425531914894
22,24,0,22,3,0.98583984375,0.9668411867364747
22,25,0,0,13,0.98583984375,0.8666666666666667
22,25,0,0,27,0.98583984375,0.9275
22,26,0,0,7,0.98583984375,0.9266666666666666
22,26,0,28,31,0.98583984375,0.9145516074450084
22,30,0,0,1,0.98583984375,0.9408333333333333
23,24,0,31,8,0.98583984375,0.9642857142857143
23,25,0,0,17,0.98583984375,1.0293356341673856
23,28,0,30,4,0.98583984375,1.02233676975945
24,25,0,4,21,0.98583984375,0.9471608832807571
24,25,0,14,26,0.98583984375,0.9775668679896462
25,27,0,8,26,0.98583984375,0.9680567879325643
29,30,0,1,15,0.98583984375,0.9578947368421052
1,2,0,22,2,0.9853515625,1.1407349491790462
2,15,0,16,11,0.9853515625,1.0765864332603938
2,28,0,3,31,0.9853515625,1.1943031536113937
2,30,0,3,31,0.9853515625,1.4384537131230926
2,30,0,25,10,0.9853515625,1.0106820049301561
3,5,0,0,2,0.9853515625,1.0440487347703842
3,5,0,25,7,0.9853515625,0.9899497487437185
4,9,0,7,1,0.9853515625,1.0121212121212122
6,15,0,27,3,0.9853515625,1.0465502909393183
6,16,0,27,7,0.9853515625,1.0731504571903574
8,9,0,30,2,0.9853515625,1.006838905775076
9,10,0,3,23,0.9853515625,0.9673258813413586
9,14,0,26,6,0.9853515625,1.0327380952380953
10,15,0,3,16,0.9853515625,1.0420527441197434
11,13,0,16,28,0.9853515625,1.0316930775646371
12,13,0,7,24,0.9853515625,0.9224049331963001
12,13,0,23,3,0.9853515625,0.7196969696969697
13,22,0,6,15,0.9853515625,1.2697628458498025
15,17,0,21,14,0.9853515625,1.0401913875598086
15,18,0,7,4,0.9853515625,1.2262118491921006
15,19,0,28,0,0.9853515625,1.1460481099656357
17,18,0,21,7,0.9853515625,1.2186915887850467
18,19,0,11,8,0.9853515625,0.9436619718309859
18,20,0,26,13,0.9853515625,1.0095162569389373
18,22,0,17,12,0.9853515625,0.8862068965517241
18,29,0,17,27,0.9853515625,1.0241379310344827
19,20,0,6,12,0.9853515625,1.0858333333333334
19,20,0,9,8,0.9853515625,0.9954586739327884
20,21,0,1,16,0.9853515625,1.0136986301369864
21,24,0,23,0,0.9853515625,0.8835274542429284
21,25,0,12,15,0.9853515625,0.9818754925137904
21,25,0,17,18,0.9853515625,0.9242553191489362
21,25,0,17,30,0.9853515625,0.8927659574468085
22,23,0,0,23,0.9853515625,0.84
22,28,0,0,28,0.9853515625,1.1141666666666667
23,27,0,30,29,0.9853515625,0.8934707903780069
24,26,0,28,6,0.9853515625,0.9136795903438186
28,29,0,26,14,0.9853515625,0.8993150684931507
29,30,0,1,18,0.9853515625,0.9668016194331984
2,6,0,16,14,0.98486328125,0.8781911013858498
2,7,0,16,19,0.98486328125,0.87527352297593
2,8,0,28,8,0.98486328125,0.7955482275350371
2,20,0,10,4,0.98486328125,0.9677685950413223
3,5,0,25,20,0.98486328125,0.8492462311557789
4,6,0,8,23,0.98486328125,1.0697278911564625
4,7,0,8,25,0.98486328125,1.130952380952381
7,9,0,8,24,0.98486328125,1.026742301458671
8,9,0,30,5,0.98486328125,0.979483282674772
8,12,0,16,31,0.98486328125,1.06682769726248
9,10,0,3,27,0.98486328125,1.0094582975064488
9,13,0,6,5,0.98486328125,0.7717842323651453
12,13,0,23,1,0.98486328125,0.9266347687400319
13,16,0,6,21,0.98486328125,0.9372529644268774
16,20,0,10,18,0.98486328125,1.154732510288066
17,19,0,1,18,0.98486328125,1.1243926141885325
17,21,0,23,2,0.98486328125,0.9468085106382979
18,19,0,3,17,0.98486328125,0.9701873935264055
18,21,0,8,25,0.98486328125,0.9506172839506173
18,23,0,19,10,0.98486328125,1.0287713841368584
19,20,0,6,5,0.98486328125,1.1066666666666667
19,20,0,29,6,0.98486328125,0.9561316051844466
20,21,0,27,1,0.98486328125,1.012646793134598
21,23,0,12,28,0.98486328125,1.0157604412923562
22,25,0,0,2,0.98486328125,0.8641666666666666
22,26,0,0,9,0.98486328125,1.0483333333333333
22,27,0,0,8,0.98486328125,0.8825
22,27,0,28,28,0.98486328125,0.9467005076142132
22,28,0,0,2,0.98486328125,0.9816666666666667
29,31,0,9,25,0.98486328125,0.8229706390328152
1,2,0,22,18,0.984375,0.9953088350273651
1,2,0,22,30,0.984375,1.1548084440969508
2,8,0,25,7,0.984375,0.8159408381265407
2,28,0,14,17,0.984375,1.0208695652173914
3,8,0,8,14,0.984375,0.891491395793499
6,8,0,27,20,0.984375,1.0374064837905237
6,17,0,27,28,0.984375,1.0166251039068994
8,18,0,30,21,0.984375,1.0319148936170213
9,12,0,3,5,0.984375,0.939810834049871
9,17,0,13,8,0.984375,0.9070093457943925
12,13,0,23,13,0.984375,0.8564593301435407
12,14,0,23,10,0.984375,0.8110047846889952
12,15,0,6,23,0.984375,0.9863481228668942
15,16,0,4,0,0.984375,1.0390417036379769
17,20,0,21,24,0.984375,0.9214953271028037
18,19,0,19,13,0.984375,0.8343701399688958
18,25,0,2,19,0.984375,0.9196141479099679
18,28,0,17,0,0.984375,1.0034482758620689
18,28,0,17,30,0.984375,0.9413793103448276
22,23,0,0,6,0.984375,0.82625
22,23,0,0,11,0.984375,1.0133333333333334
22,26,0,0,18,0.984375,1.1275
22,26,0,0,23,0.984375,0.97
22,27,0,0,11,0.984375,0.8825
22,28,0,0,29,0.984375,0.9208333333333333
22,29,0,0,22,0.984375,0.9983333333333333
22,29,0,0,24,0.984375,0.9408333333333333
24,28,0,20,20,0.984375,1.0962962962962963
25,26,0,0,27,0.984375,0.9380053908355795
25,28,0,8,22,0.984375,1.0771960958296363
26,28,0,24,14,0.984375,1.1764705882352942
27,28,0,0,5,0.984375,1.0470588235294118
27,30,0,18,25,0.984375,0.9213661636219221
2,8,0,25,23,0.98388671875,0.7411668036154478
2,12,0,3,22,0.98388671875,0.8911495422177009
2,24,0,25,23,0.98388671875,0.9646672144617913
2,30,0,3,4,0.98388671875,1.3173957273652086
3,8,0,22,2,0.98388671875,0.9334308705193856
5,6,0,19,28,0.98388671875,0.9278663629460896
5,6,0,30,22,0.98388671875,0.9767441860465116
7,8,0,8,29,0.98388671875,0.9846029173419774
9,11,0,3,29,0.98388671875,0.9140154772141015
9,13,0,3,20,0.98388671875,0.9673258813413586
12,14,0,23,28,0.98388671875,0.9338118022328549
13,17,0,6,6,0.98388671875,0.9866600790513834
13,18,0,6,13,0.98388671875,1.1126482213438735
13,27,0,6,31,0.98388671875,1.0889328063241106
18,21,0,2,20,0.98388671875,0.8432475884244373
18,21,0,8,6,0.98388671875,0.8415637860082305
18,23,0,19,17,0.98388671875,0.9572317262830482
20,21,0,1,5,0.98388671875,1.0301369863013699
24,25,0,20,31,0.98388671875,0.9814814814814815
2,3,0,4,26,0.9833984375,1.0827586206896551
2,22,0,28,3,0.9833984375,0.7840065952184666
2,30,0,3,30,0.9833984375,1.1129196337741607
6,13,0,27,0,0.9833984375,0.9509559434746467
7,8,0,8,17,0.9833984375,0.8662884927066451
7,9,0,0,0,0.9833984375,1.3230240549828178
8,16,0,16,15,0.9833984375,1.0619967793880838
9,10,0,3,16,0.9833984375,0.9656061908856406
10,27,0,3,6,0.9833984375,1.0434782608695652
12,17,0,23,20,0.9833984375,0.7886762360446571
13,14,0,12,22,0.9833984375,1.0
14,17,0,31,5,0.9833984375,1.1188436830835118
15,16,0,8,29,0.9833984375,1.039111111111111
16,17,0,4,9,0.9833984375,1.030035335689046
18,19,0,17,26,0.9833984375,1.0672413793103448
18,21,0,19,0,0.9833984375,0.9486780715396579
18,23,0,19,3,0.9833984375,1.0373250388802489
19,20,0,9,10,0.9833984375,0.9782016348773842
20,22,0,1,24,0.9833984375,1.0584474885844748
20,22,0,1,27,0.9833984375,0.993607305936073
21,30,0,23,16,0.9833984375,1.1447587354409319
22,26,0,0,8,0.9833984375,0.83
22,26,0,0,20,0.9833984375,1.0308333333333333
23,24,0,20,24,0.9833984375,1.0796626054358014
23,26,0,0,26,0.9833984375,0.9318377911993098
2,3,0,21,28,0.98291015625,1.0359187922956794
2,10,0,25,8,0.98291015625,0.8808545603944125
2,16,0,25,26,0.98291015625,0.7744453574363188
5,6,0,31,13,0.98291015625,0.9842738205365402
5,11,0,22,13,0.98291015625,0.8722093918398768
6,7,0,11,13,0.98291015625,0.9371647509578545
6,7,0,27,26,0.98291015625,0.942643391521197
7,20,0,3,2,0.98291015625,1.0781853281853282
8,9,0,18,12,0.98291015625,0.8440150801131009
8,14,0,27,14,0.98291015625,0.9297173414820473
9,10,0,3,31,0.98291015625,0.9621668099742047
9,10,0,27,17,0.98291015625,0.9043535620052771
12,13,0,6,22,0.98291015625,0.9112627986348123
12,16,0,17,28,0.98291015625,1.271523178807947
13,18,0,6,0,0.98291015625,1.2055335968379446
15,28,0,28,23,0.98291015625,1.2096219931271477
17,18,0,1,9,0.98291015625,0.9791059280855199
21,22,0,17,25,0.98291015625,0.9642553191489361
22,27,0,0,9,0.98291015625,1.0183333333333333
24,29,0,27,4,0.98291015625,0.9576059850374065
25,27,0,8,27,0.98291015625,0.9582963620230701
2,9,0,20,11,0.982421875,0.8293207222699914
2,18,0,16,5,0.982421875,0.8898614150255288
3,6,0,25,15,0.982421875,0.8144891122278057
3,7,0,25,20,0.982421875,0.8237018425460636
7,15,0,8,13,0.982421875,1.0316045380875203
8,15,0,16,9,0.982421875,0.9830917874396136
16,23,0,8,18,0.982421875,1.0810166799046863
17,18,0,0,15,0.982421875,1.25887802367473
17,19,0,0,7,0.982421875,1.1569737519300052
18,19,0,18,21,0.982421875,0.9520676691729323
18,27,0,17,25,0.982421875,0.8982758620689655
19,20,0,6,3,0.982421875,0.9775
21,23,0,4,7,0.982421875,0.9731601731601731
22,25,0,28,29,0.982421875,0.811336717428088
22,27,0,0,15,0.982421875,1.0933333333333333
22,31,0,28,23,0.982421875,0.877326565143824
1,2,0,21,1,0.98193359375,1.316079295154185
2,24,0,25,18,0.98193359375,1.0427280197206246
2,31,0,28,31,0.98193359375,1.0626545754328112
3,4,0,27,21,0.98193359375,0.9680284191829485
3,8,0,8,19,0.98193359375,0.8527724665391969
6,9,0,27,21,0.98193359375,1.083956774729842
6,17,0,27,17,0.98193359375,1.083956774729842
6,17,0,27,24,0.98193359375,1.1005818786367414
9,10,0,3,24,0.98193359375,0.9355116079105761
12,14,0,7,25,0.98193359375,0.8987667009249743
12,15,0,23,0,0.98193359375,0.8253588516746412
12,15,0,23,17,0.98193359375,0.8484848484848485
13,15,0,21,22,0.98193359375,1.0245139475908707
17,29,0,23,31,0.98193359375,0.9228723404255319
18,26,0,6,4,0.98193359375,0.8962199312714777
18,31,0,17,1,0.98193359375,0.8642241379310345
19,20,0,9,29,0.98193359375,0.9627611262488647
19,21,0,6,13,0.98193359375,1.1416666666666666
19,21,0,9,28,0.98193359375,1.0299727520435968
20,22,0,15,4,0.98193359375,1.089389534883721
22,23,0,0,4,0.98193359375,1.13
27,28,0,0,3,0.98193359375,1.0008403361344538
28,29,0,27,23,0.98193359375,0.9320388349514563
29,30,0,10,12,0.98193359375,0.9494418910045962
0,1,0,15,3,0.9814453125,0.7811501597444089
2,7,0,4,16,0.9814453125,0.9758620689655172
2,12,0,14,24,0.9814453125,0.8756521739130435
2,12,0,25,8,0.9814453125,0.7649958915365653
2,12,0,25,19,0.9814453125,0.8073130649137222
2,24,0,25,6,0.9814453125,1.0969597370583402
3,7,0,25,29,0.9814453125,0.8961474036850922
4,11,0,8,10,0.9814453125,0.7083333333333334
7,8,0,8,1,0.9814453125,0.9311183144246353
7,11,0,3,20,0.9814453125,1.0347490347490347
9,10,0,3,6,0.9814453125,0.9079965606190885
9,10,0,7,22,0.9814453125,1.0664505672609401
9,13,0,3,10,0.9814453125,0.9595872742906277
14,16,0,31,22,0.9814453125,1.0524625267665952
18,20,0,19,31,0.9814453125,0.9346811819595645
18,21,0,12,10,0.9814453125,0.996299037749815
18,23,0,3,9,0.9814453125,0.893526405451448
19,22,0,9,30,0.9814453125,0.96094459582198
20,26,0,16,19,0.9814453125,1.0931549150797735
21,27,0,12,2,0.9814453125,1.1205673758865249
21,31,0,23,20,0.9814453125,0.7832778702163061
22,31,0,0,17,0.9814453125,0.8045833333333333
2,26,0,20,22,0.98095703125,1.05932932072227
6,10,0,21,12,0.98095703125,0.8968732857926495
8,11,0,27,12,0.98095703125,0.8594346829640948
10,11,0,15,1,0.98095703125,0.8607176581680831
10,11,0,26,11,0.98095703125,1.049485546300833
13,14,0,9,11,0.98095703125,1.2811559301625526
17,18,0,0,1,0.98095703125,1.0571281523417395
17,18,0,18,16,0.98095703125,0.9962616822429906
21,24,0,12,1,0.98095703125,1.0654058313632782
21,28,0,12,11,0.98095703125,0.8778565799842396
22,28,0,0,6,0.98095703125,0.8975
24,25,0,20,11,0.98095703125,0.9481481481481482
24,26,0,28,10,0.98095703125,0.8727139722019019
24,27,0,20,4,0.98095703125,1.0407407407407407
25,27,0,8,30,0.98095703125,0.9937888198757764
28,31,0,18,12,0.98095703125,0.7688172043010753
2,5,0,13,15,0.98046875,1.2148499210110584
3,5,0,8,23,0.98046875,0.9321223709369025
5,7,0,30,22,0.98046875,0.8909382518043304
5,10,0,30,9,0.98046875,1.0433039294306334
7,10,0,0,2,0.98046875,1.0395189003436427
9,12,0,7,3,0.98046875,0.9108589951377634
15,16,0,8,18,0.98046875,0.944
17,24,0,0,30,0.98046875,1.1343283582089552
17,29,0,23,12,0.98046875,0.9024822695035462
18,19,0,30,15,0.98046875,0.8241525423728814
19,20,0,6,11,0.98046875,1.095
19,22,0,6,23,0.98046875,1.0833333333333333
22,24,0,0,5,0.98046875,0.8633333333333333
22,27,0,0,20,0.98046875,0.8404166666666667
22,31,0,0,28,0.98046875,0.7804166666666666
24,29,0,20,18,0.98046875,1.0620370370370371
25,30,0,8,2,0.98046875,1.3034605146406388
1,31,0,2,13,0.97998046875,1.2366243794815224
2,6,0,25,4,0.97998046875,0.8718159408381265
2,31,0,25,21,0.97998046875,0.7502054231717338
5,19,0,30,31,0.97998046875,0.9270248596631917
6,7,0,27,5,0.97998046875,0.9077306733167082
6,9,0,27,20,0.97998046875,0.9567747298420615
8,10,0,18,0,0.97998046875,0.9043355325164939
9,10,0,13,1,0.97998046875,0.8593457943925233
9,12,0,18,1,0.97998046875,1.0940409683426444
11,12,0,8,12,0.97998046875,1.0313339301700986
11,15,0,16,26,0.97998046875,0.8244370308590492
18,23,0,2,1,0.97998046875,0.9469453376205788
19,22,0,6,16,0.97998046875,0.9825
21,26,0,12,28,0.97998046875,0.8628841607565012
28,31,0,18,16,0.97998046875,0.8938172043010753
2,8,0,28,0,0.9794921875,0.7638087386644683
2,11,0,28,21,0.9794921875,0.6706512778235779
2,22,0,25,17,0.9794921875,1.0419063270336895
7,9,0,0,31,0.9794921875,1.2943871706758305
9,10,0,3,10,0.9794921875,0.9750644883920895
9,12,0,18,13,0.9794921875,0.9166666666666666
13,14,0,31,5,0.9794921875,0.9983434566537824
17,19,0,21,1,0.9794921875,0.8551401869158879
21,27,0,23,7,0.9794921875,1.062396006655574
22,31,0,0,19,0.9794921875,0.7991666666666667
24,25,0,20,16,0.9794921875,0.8666666666666667
28,31,0,18,5,0.9794921875,0.7594086021505376
2,26,0,20,13,0.97900390625,1.282889079965606
3,7,0,17,27,0.97900390625,1.01314459049545
3,12,0,25,18,0.97900390625,0.864321608040201
5,6,0,22,31,0.97900390625,0.8367975365665897
7,10,0,3,20,0.97900390625,1.143822393822394
8,11,0,12,6,0.97900390625,0.7551546391752577
9,11,0,18,3,0.97900390625,0.9990689013035382
10,14,0,28,0,0.97900390625,0.8571428571428571
12,15,0,6,18,0.97900390625,1.0110921501706485
14,15,0,20,20,0.97900390625,0.9699054170249355
14,15,0,20,31,0.97900390625,1.0232158211521927
16,17,0,5,10,0.97900390625,1.0419776119402986
17,19,0,0,4,0.97900390625,1.0478641276376737
17,19,0,21,5,0.97900390625,1.0579439252336449
17,22,0,0,8,0.97900390625,1.141533710756562
18,19,0,18,10,0.97900390625,0.9868421052631579
18,19,0,18,14,0.97900390625,1.0046992481203008
18,20,0,3,25,0.97900390625,0.889267461669506
2,16,0,25,31,0.978515625,0.8824979457682827
2,31,0,25,18,0.978515625,0.6873459326211997
5,7,0,19,11,0.978515625,0.9643128321943811
6,11,0,21,4,0.978515625,0.9813494240263302
11,12,0,8,14,0.978515625,0.9928379588182632
13,15,0,6,25,0.978515625,1.0592885375494072
18,19,0,8,12,0.978515625,0.8551440329218107
18,19,0,28,27,0.978515625,0.881407804131599
20,21,0,1,30,0.978515625,0.9972602739726028
21,26,0,12,15,0.978515625,1.0386130811662726
23,26,0,31,25,0.978515625,0.926829268292683
2,12,0,25,10,0.97802734375,0.752670501232539
7,8,0,0,3,0.97802734375,1.1105383734249714
9,16,0,13,24,0.97802734375,1.138317757009346
9,17,0,26,12,0.97802734375,1.0317460317460319
14,16,0,12,9,0.97802734375,1.0085795996186844
17,18,0,23,24,0.97802734375,0.7579787234042553
18,19,0,18,19,0.97802734375,0.9962406015037594
18,26,0,19,14,0.97802734375,0.9797822706065319
29,30,0,19,14,0.97802734375,0.9981185324553151
2,31,0,25,3,0.9775390625,0.7551355792933443
3,8,0,17,4,0.9775390625,0.8816986855409504
5,6,0,31,18,0.9775390625,0.900555041628122
8,15,0,12,30,0.9775390625,0.9450171821305842
12,14,0,23,4,0.9775390625,0.879585326953748
16,17,0,13,30,0.9775390625,1.0
22,25,0,31,22,0.9775390625,1.1170706549767921
22,29,0,0,5,0.9775390625,1.0033333333333334
22,30,0,0,9,0.9775390625,0.865
3,7,0,25,14,0.97705078125,0.7529313232830821
7,10,0,0,21,0.97705078125,1.1666666666666667
10,11,0,26,24,0.97705078125,1.0445859872611465
14,15,0,17,24,0.97705078125,1.0134288272157566
14,16,0,17,2,0.97705078125,1.0519247985675917
14,16,0,21,20,0.97705078125,1.0945454545454545
17,18,0,0,10,0.97705078125,0.9613998970663922
19,20,0,29,28,0.97705078125,1.0797607178464605
22,25,0,0,28,0.97705078125,1.0333333333333334
22,31,0,0,7,0.97705078125,0.695
23,28,0,30,7,0.97705078125,1.0945017182130585
27,28,0,16,25,0.97705078125,1.3975044563279857
2,12,0,25,30,0.9765625,0.8882497945768283
2,20,0,25,20,0.9765625,1.1306491372226788
3,7,0,8,28,0.9765625,0.97131931166348
9,10,0,3,4,0.9765625,0.8993981083404987
9,10,0,3,19,0.9765625,0.9200343938091143
12,13,0,6,26,0.9765625,0.9385665529010239
13,14,0,31,15,0.9765625,0.9166206515737162
17,18,0,0,31,0.9765625,1.0777148739063305
2,31,0,25,11,0.97607421875,0.7132292522596549
9,11,0,3,7,0.97607421875,0.9527085124677558
9,12,0,26,26,0.97607421875,1.0793650793650793
9,13,0,15,8,0.97607421875,0.9400921658986175
12,31,0,7,15,0.97607421875,0.8771839671120246
13,14,0,9,19,0.97607421875,1.2522576760987356
16,17,0,27,2,0.97607421875,1.042198233562316
17,29,0,23,28,0.97607421875,0.8851950354609929
18,26,0,18,3,0.97607421875,1.1137218045112782
26,29,0,16,30,0.97607421875,0.7198795180722891
1,2,0,21,23,0.9755859375,1.1751101321585904
5,7,0,31,21,0.9755859375,0.9602220166512488
7,11,0,0,9,0.9755859375,0.9404352806414662
9,12,0,3,21,0.9755859375,0.9819432502149613
9,13,0,18,4,0.9755859375,0.9776536312849162
10,11,0,15,28,0.9755859375,0.9792256846081209
13,15,0,31,29,0.9755859375,0.9309773605742684
14,15,0,17,27,0.9755859375,1.0
14,16,0,20,17,0.9755859375,0.8589853826311264
2,4,0,3,13,0.97509765625,0.9425228891149542
8,9,0,18,10,0.97509765625,1.0263901979264844
9,11,0,3,26,0.97509765625,0.7601031814273431
13,15,0,31,14,0.97509765625,1.1474323578133627
18,26,0,19,30,0.97509765625,0.9681181959564541
2,26,0,25,29,0.974609375,0.9506984387838948
2,30,0,25,26,0.974609375,0.8644207066557108
9,10,0,3,30,0.974609375,0.883920894239037
9,16,0,3,3,0.974609375,1.065348237317283
12,15,0,6,19,0.974609375,0.8873720136518771
13,14,0,30,2,0.974609375,1.0791705937794533
16,17,0,27,11,0.974609375,0.965161923454367
17,25,0,0,3,0.974609375,0.9696345856922285
24,28,0,20,9,0.974609375,0.8527777777777777
26,29,0,24,26,0.974609375,0.9534313725490197
30,31,0,27,30,0.974609375,0.7999006951340616
0,1,0,15,31,0.97412109375,1.0926517571884984
2,25,0,25,5,0.97412109375,0.9096138044371405
6,7,0,20,23,0.97412109375,0.9966044142614601
8,9,0,18,29,0.97412109375,0.7785108388312912
9,12,0,3,9,0.97412109375,0.8594153052450559
9,13,0,25,7,0.97412109375,0.92
10,12,0,26,11,0.97412109375,1.053405193532582
13,15,0,9,10,0.97412109375,1.1095725466586395
19,20,0,9,30,0.97412109375,0.9863760217983651
3,6,0,8,12,0.9736328125,0.9010516252390057
3,9,0,8,8,0.9736328125,1.066921606118547
9,13,0,26,11,0.9736328125,0.9930555555555556
14,15,0,17,5,0.9736328125,0.864816472694718
17,19,0,21,11,0.9736328125,0.7130841121495327
21,25,0,12,20,0.9736328125,0.6883372734436565
28,31,0,27,9,0.9736328125,0.598705501618123
2,31,0,25,8,0.97314453125,0.6988496302382908
7,8,0,31,31,0.97314453125,1.0242954324586977
9,13,0,3,17,0.97314453125,0.8723129836629406
13,14,0,9,9,0.97314453125,1.2558699578567127
16,18,0,4,23,0.97314453125,1.0335689045936396
19,20,0,9,0,0.97314453125,0.9146230699364214
21,29,0,4,13,0.97314453125,0.9160173160173161
9,10,0,3,11,0.97265625,0.8555460017196904
9,13,0,26,25,0.97265625,0.8963293650793651
10,11,0,15,23,0.97265625,0.732766761095373
12,13,0,23,19,0.97265625,0.7013556618819776
16,17,0,27,31,0.97265625,1.0117762512266928
19,20,0,6,22,0.97265625,0.8129166666666666
2,7,0,6,4,0.97216796875,1.2033898305084745
2,8,0,3,6,0.97216796875,0.9562563580874873
3,17,0,27,26,0.97216796875,0.8046181172291297
8,11,0,18,31,0.97216796875,0.9773798303487277
16,17,0,27,16,0.97216796875,1.0274779195289498
21,23,0,4,29,0.97216796875,0.7251082251082251
0,31,0,15,0,0.9716796875,1.571884984025559
2,6,0,3,17,0.9716796875,1.0213631739572737
22,25,0,31,7,0.9716796875,0.9071686436307375
24,31,0,20,2,0.9716796875,0.700462962962963
5,6,0,31,8,0.97119140625,0.8011100832562442
7,8,0,0,24,0.97119140625,0.9587628865979382
10,13,0,26,2,0.97119140625,0.979421852033317
7,11,0,0,19,0.970703125,1.0607101947308133
9,10,0,26,14,0.970703125,1.0317460317460319
22,29,0,0,15,0.970703125,0.7754166666666666
3,6,0,8,25,0.97021484375,0.7652963671128107
6,8,0,30,26,0.97021484375,1.1894934333958724
