31,31,0,4,13,0.986328125,0.9841959635416667
31,31,0,4,8,0.99169921875,0.9841959635416667
31,31,0,4,31,0.98583984375,0.9841959635416667
29,30,0,5,7,0.98876953125,0.9827906831781915
29,30,0,5,4,0.990234375,0.9827906831781915
29,30,0,5,5,0.9892578125,0.9827906831781915
31,31,0,4,11,0.98291015625,0.9841959635416667
31,31,0,4,22,0.9814453125,0.9841959635416667
29,30,0,5,8,0.986328125,0.9827906831781915
31,31,0,4,10,0.98974609375,0.9841959635416667
31,31,0,4,9,0.9892578125,0.9841959635416667
29,29,0,5,7,0.99658203125,0.9827906831781915
31,31,0,4,27,0.9892578125,0.9841959635416667
31,31,0,4,2,0.990234375,0.9841959635416667
29,29,0,5,30,0.98779296875,0.9827906831781915
29,29,0,5,13,0.9931640625,0.9827906831781915
29,29,0,5,4,0.99658203125,0.9827906831781915
29,29,0,5,6,0.99658203125,0.9827906831781915
29,30,0,5,0,0.9814453125,0.9827906831781915
31,31,0,4,17,0.98486328125,0.9841959635416667
29,29,0,5,15,0.99267578125,0.9827906831781915
29,29,0,5,17,0.9921875,0.9827906831781915
31,31,0,4,19,0.9853515625,0.9841959635416667
31,31,0,4,5,0.99267578125,0.9841959635416667
29,29,0,5,14,0.9921875,0.9827906831781915
29,29,0,5,12,0.99267578125,0.9827906831781915
29,29,0,5,1,0.99169921875,0.9827906831781915
26,28,0,25,2,0.9912109375,0.9827585320723684
31,31,0,4,29,0.98388671875,0.9841959635416667
29,30,0,5,6,0.9853515625,0.9827906831781915
29,29,0,5,28,0.986328125,0.9827906831781915
29,30,0,5,28,0.9853515625,0.9827906831781915
29,29,0,5,29,0.98876953125,0.9827906831781915
29,30,0,5,23,0.9892578125,0.9827906831781915
29,29,0,5,19,0.99072265625,0.9827906831781915
29,29,0,5,10,0.98193359375,0.9827906831781915
29,29,0,5,16,0.98876953125,0.9827906831781915
29,30,0,5,16,0.98828125,0.9827906831781915
31,31,0,4,15,0.98876953125,0.9841959635416667
26,28,0,25,1,0.9912109375,0.9827585320723684
31,31,0,4,6,0.99072265625,0.9841959635416667
26,28,0,25,19,0.98828125,0.9827585320723684
29,30,0,5,20,0.9853515625,0.9827906831781915
29,29,0,5,18,0.99072265625,0.9827906831781915
31,31,0,4,28,0.982421875,0.9841959635416667
26,28,0,25,16,0.98681640625,0.9827585320723684
29,30,0,5,10,0.984375,0.9827906831781915
31,31,0,4,1,0.9873046875,0.9841959635416667
26,28,0,25,28,0.9892578125,0.9827585320723684
31,31,0,4,26,0.98583984375,0.9841959635416667
26,28,0,25,3,0.98876953125,0.9827585320723684
29,29,0,5,3,0.98974609375,0.9827906831781915
26,28,0,25,12,0.98779296875,0.9827585320723684
26,28,0,25,17,0.98681640625,0.9827585320723684
26,28,0,25,29,0.9873046875,0.9827585320723684
31,31,0,4,7,0.9833984375,0.9841959635416667
26,28,0,25,14,0.98681640625,0.9827585320723684
26,27,0,25,26,0.99072265625,0.9827585320723684
26,27,0,25,27,0.990234375,0.9827585320723684
26,27,0,25,18,0.990234375,0.9827585320723684
29,29,0,5,0,0.98828125,0.9827906831781915
26,27,0,25,19,0.9912109375,0.9827585320723684
26,27,0,25,31,0.98779296875,0.9827585320723684
26,28,0,25,22,0.986328125,0.9827585320723684
31,31,0,4,12,0.986328125,0.9841959635416667
26,27,0,25,24,0.98828125,0.9827585320723684
26,27,0,25,30,0.98828125,0.9827585320723684
26,28,0,25,11,0.98681640625,0.9827585320723684
29,30,0,5,22,0.986328125,0.9827906831781915
29,29,0,5,2,0.9873046875,0.9827906831781915
26,27,0,25,25,0.98828125,0.9827585320723684
31,31,0,4,3,0.98583984375,0.9841959635416667
26,27,0,25,0,0.98876953125,0.9827585320723684
26,28,0,25,4,0.98486328125,0.9827585320723684
26,27,0,25,2,0.98876953125,0.9827585320723684
26,27,0,25,3,0.9892578125,0.9827585320723684
26,26,0,25,24,0.99560546875,0.9827585320723684
29,29,0,5,23,0.98291015625,0.9827906831781915
26,27,0,25,17,0.98876953125,0.9827585320723684
26,26,0,25,26,0.994140625,0.9827585320723684
29,30,0,5,31,0.98046875,0.9827906831781915
26,27,0,25,12,0.98779296875,0.9827585320723684
26,28,0,25,25,0.984375,0.9827585320723684
31,31,0,4,0,0.98583984375,0.9841959635416667
26,28,0,25,8,0.98486328125,0.9827585320723684
26,27,0,25,1,0.986328125,0.9827585320723684
26,26,0,25,1,0.98828125,0.9827585320723684
29,30,0,5,13,0.97900390625,0.9827906831781915
31,31,0,4,16,0.9775390625,0.9841959635416667
26,26,0,25,5,0.98876953125,0.9827585320723684
26,27,0,25,13,0.98583984375,0.9827585320723684
26,27,0,25,28,0.98583984375,0.9827585320723684
26,28,0,25,31,0.9853515625,0.9827585320723684
26,26,0,25,16,0.9892578125,0.9827585320723684
26,26,0,25,20,0.98828125,0.9827585320723684
26,28,0,25,6,0.98388671875,0.9827585320723684
29,29,0,5,31,0.98193359375,0.9827906831781915
26,28,0,25,21,0.98291015625,0.9827585320723684
29,30,0,5,19,0.984375,0.9827906831781915
31,31,0,4,24,0.9853515625,0.9841959635416667
26,26,0,25,17,0.986328125,0.9827585320723684
26,26,0,25,4,0.986328125,0.9827585320723684
26,26,0,25,7,0.98828125,0.9827585320723684
26,27,0,25,11,0.9833984375,0.9827585320723684
24,25,0,6,16,0.98876953125,0.9821806523904383
31,31,0,4,20,0.9716796875,0.9841959635416667
29,30,0,5,17,0.98388671875,0.9827906831781915
26,26,0,25,28,0.98876953125,0.9827585320723684
26,27,0,25,9,0.98486328125,0.9827585320723684
24,25,0,6,2,0.99267578125,0.9821806523904383
26,28,0,25,10,0.9814453125,0.9827585320723684
31,31,0,4,18,0.9833984375,0.9841959635416667
26,26,0,25,9,0.98681640625,0.9827585320723684
26,27,0,25,29,0.98291015625,0.9827585320723684
26,28,0,25,7,0.982421875,0.9827585320723684
24,25,0,6,27,0.9912109375,0.9821806523904383
26,26,0,25,11,0.98828125,0.9827585320723684
26,28,0,25,15,0.98486328125,0.9827585320723684
24,25,0,6,26,0.9921875,0.9821806523904383
26,26,0,25,8,0.98779296875,0.9827585320723684
24,25,0,6,25,0.9921875,0.9821806523904383
26,26,0,25,6,0.984375,0.9827585320723684
24,25,0,6,3,0.99169921875,0.9821806523904383
24,25,0,6,19,0.98828125,0.9821806523904383
26,27,0,25,10,0.98291015625,0.9827585320723684
26,27,0,25,15,0.98486328125,0.9827585320723684
31,31,0,4,30,0.97265625,0.9841959635416667
29,30,0,5,25,0.974609375,0.9827906831781915
24,25,0,6,10,0.99169921875,0.9821806523904383
29,29,0,5,25,0.9853515625,0.9827906831781915
26,26,0,25,18,0.98828125,0.9827585320723684
24,24,0,6,0,0.990234375,0.9821806523904383
26,27,0,25,8,0.98095703125,0.9827585320723684
26,27,0,25,21,0.984375,0.9827585320723684
26,27,0,25,14,0.98291015625,0.9827585320723684
24,25,0,6,24,0.990234375,0.9821806523904383
26,28,0,25,30,0.9794921875,0.9827585320723684
24,25,0,6,0,0.9921875,0.9821806523904383
24,24,0,6,5,0.99560546875,0.9821806523904383
24,24,0,6,2,0.98876953125,0.9821806523904383
24,24,0,6,19,0.986328125,0.9821806523904383
24,25,0,6,17,0.98095703125,0.9821806523904383
24,24,0,6,4,0.99609375,0.9821806523904383
26,26,0,25,2,0.98681640625,0.9827585320723684
24,24,0,6,1,0.9873046875,0.9821806523904383
24,25,0,6,30,0.98974609375,0.9821806523904383
24,25,0,6,9,0.98974609375,0.9821806523904383
24,24,0,6,11,0.9921875,0.9821806523904383
26,28,0,25,24,0.98095703125,0.9827585320723684
22,23,0,21,26,0.98828125,0.9812641263757862
24,24,0,6,14,0.9912109375,0.9821806523904383
24,24,0,6,7,0.9951171875,0.9821806523904383
24,24,0,6,10,0.99072265625,0.9821806523904383
29,30,0,5,9,0.9775390625,0.9827906831781915
26,26,0,25,22,0.98291015625,0.9827585320723684
24,24,0,6,21,0.984375,0.9821806523904383
24,25,0,6,8,0.98974609375,0.9821806523904383
24,24,0,6,3,0.982421875,0.9821806523904383
24,24,0,6,9,0.99072265625,0.9821806523904383
24,25,0,6,31,0.98828125,0.9821806523904383
31,31,0,4,25,0.9814453125,0.9841959635416667
22,23,0,21,21,0.98779296875,0.9812641263757862
26,26,0,25,19,0.982421875,0.9827585320723684
24,24,0,6,8,0.98974609375,0.9821806523904383
26,26,0,25,23,0.98193359375,0.9827585320723684
22,23,0,21,4,0.98828125,0.9812641263757862
26,26,0,25,10,0.98681640625,0.9827585320723684
22,23,0,21,11,0.986328125,0.9812641263757862
26,28,0,25,5,0.98095703125,0.9827585320723684
22,23,0,21,24,0.986328125,0.9812641263757862
24,25,0,6,28,0.98779296875,0.9821806523904383
29,29,0,5,24,0.982421875,0.9827906831781915
22,23,0,21,10,0.98681640625,0.9812641263757862
26,28,0,25,9,0.98095703125,0.9827585320723684
22,23,0,21,23,0.98681640625,0.9812641263757862
22,23,0,21,7,0.98779296875,0.9812641263757862
29,29,0,5,27,0.982421875,0.9827906831781915
26,26,0,25,21,0.982421875,0.9827585320723684
31,31,0,4,23,0.974609375,0.9841959635416667
22,22,0,21,26,0.98828125,0.9812641263757862
24,24,0,6,12,0.9892578125,0.9821806523904383
24,25,0,6,1,0.98876953125,0.9821806523904383
22,23,0,21,9,0.98388671875,0.9812641263757862
22,23,0,21,3,0.98681640625,0.9812641263757862
22,23,0,21,1,0.98681640625,0.9812641263757862
22,23,0,21,15,0.98486328125,0.9812641263757862
24,24,0,6,15,0.9873046875,0.9821806523904383
22,22,0,21,25,0.9873046875,0.9812641263757862
24,25,0,6,29,0.986328125,0.9821806523904383
22,22,0,21,30,0.986328125,0.9812641263757862
22,23,0,21,2,0.98583984375,0.9812641263757862
22,22,0,21,23,0.99560546875,0.9812641263757862
24,24,0,6,31,0.98828125,0.9821806523904383
26,26,0,25,0,0.98095703125,0.9827585320723684
24,24,0,6,13,0.98779296875,0.9821806523904383
22,22,0,21,9,0.984375,0.9812641263757862
22,23,0,21,8,0.982421875,0.9812641263757862
24,25,0,6,11,0.98681640625,0.9821806523904383
29,30,0,5,1,0.974609375,0.9827906831781915
22,23,0,21,0,0.9833984375,0.9812641263757862
29,29,0,5,8,0.97802734375,0.9827906831781915
19,21,0,24,27,0.9873046875,0.9811547256097561
22,22,0,21,20,0.99560546875,0.9812641263757862
22,22,0,21,3,0.98681640625,0.9812641263757862
22,23,0,21,18,0.986328125,0.9812641263757862
22,22,0,21,22,0.9951171875,0.9812641263757862
22,23,0,21,19,0.98486328125,0.9812641263757862
24,25,0,6,21,0.98583984375,0.9821806523904383
29,30,0,5,18,0.97802734375,0.9827906831781915
22,22,0,21,18,0.986328125,0.9812641263757862
22,22,0,21,5,0.986328125,0.9812641263757862
22,22,0,21,6,0.98486328125,0.9812641263757862
31,31,0,4,21,0.96923828125,0.9841959635416667
22,22,0,21,4,0.98681640625,0.9812641263757862
19,21,0,24,3,0.9873046875,0.9811547256097561
22,23,0,21,17,0.98291015625,0.9812641263757862
22,22,0,21,24,0.978515625,0.9812641263757862
19,20,0,24,10,0.98681640625,0.9811547256097561
22,23,0,21,14,0.98291015625,0.9812641263757862
22,22,0,21,7,0.986328125,0.9812641263757862
19,21,0,24,17,0.98876953125,0.9811547256097561
29,29,0,5,22,0.9765625,0.9827906831781915
19,20,0,24,0,0.98486328125,0.9811547256097561
19,21,0,24,18,0.98779296875,0.9811547256097561
22,22,0,21,10,0.97998046875,0.9812641263757862
19,21,0,24,16,0.98828125,0.9811547256097561
19,20,0,24,11,0.98974609375,0.9811547256097561
29,29,0,5,21,0.9755859375,0.9827906831781915
29,30,0,5,14,0.97509765625,0.9827906831781915
19,20,0,24,12,0.98583984375,0.9811547256097561
19,20,0,24,3,0.98486328125,0.9811547256097561
19,21,0,24,23,0.98779296875,0.9811547256097561
19,21,0,24,19,0.984375,0.9811547256097561
22,22,0,21,17,0.98193359375,0.9812641263757862
19,21,0,24,0,0.982421875,0.9811547256097561
24,24,0,6,29,0.98388671875,0.9821806523904383
19,20,0,24,31,0.98828125,0.9811547256097561
24,24,0,6,30,0.9833984375,0.9821806523904383
19,20,0,24,16,0.98974609375,0.9811547256097561
19,21,0,24,9,0.98486328125,0.9811547256097561
19,20,0,24,13,0.98388671875,0.9811547256097561
19,19,0,24,11,0.9892578125,0.9811547256097561
29,29,0,5,26,0.9765625,0.9827906831781915
22,23,0,21,6,0.9814453125,0.9812641263757862
19,20,0,24,19,0.99072265625,0.9811547256097561
19,20,0,24,17,0.990234375,0.9811547256097561
19,20,0,24,27,0.9814453125,0.9811547256097561
19,21,0,24,20,0.9853515625,0.9811547256097561
22,23,0,21,16,0.98046875,0.9812641263757862
19,20,0,24,18,0.990234375,0.9811547256097561
24,24,0,6,28,0.982421875,0.9821806523904383
19,19,0,24,27,0.99365234375,0.9811547256097561
18,18,0,17,21,0.9931640625,0.9810391413256726
22,22,0,21,19,0.9794921875,0.9812641263757862
19,21,0,24,8,0.98193359375,0.9811547256097561
19,19,0,24,23,0.98779296875,0.9811547256097561
19,21,0,24,21,0.984375,0.9811547256097561
19,20,0,24,22,0.98681640625,0.9811547256097561
19,21,0,24,30,0.98486328125,0.9811547256097561
19,19,0,24,25,0.9951171875,0.9811547256097561
19,20,0,24,2,0.98583984375,0.9811547256097561
22,23,0,21,30,0.9814453125,0.9812641263757862
19,19,0,24,22,0.98779296875,0.9811547256097561
19,19,0,24,1,0.98828125,0.9811547256097561
18,18,0,17,31,0.99267578125,0.9810391413256726
22,23,0,21,29,0.98095703125,0.9812641263757862
19,19,0,24,20,0.98681640625,0.9811547256097561
19,21,0,24,13,0.98046875,0.9811547256097561
29,30,0,5,12,0.97216796875,0.9827906831781915
19,19,0,24,29,0.99169921875,0.9811547256097561
29,30,0,5,11,0.9736328125,0.9827906831781915
19,21,0,24,10,0.98486328125,0.9811547256097561
18,18,0,17,30,0.990234375,0.9810391413256726
19,19,0,24,28,0.99072265625,0.9811547256097561
19,19,0,24,31,0.99072265625,0.9811547256097561
19,19,0,24,21,0.98876953125,0.9811547256097561
29,30,0,5,21,0.9765625,0.9827906831781915
19,21,0,24,24,0.978515625,0.9811547256097561
19,20,0,24,6,0.98681640625,0.9811547256097561
18,18,0,17,29,0.990234375,0.9810391413256726
19,20,0,24,21,0.98681640625,0.9811547256097561
19,19,0,24,30,0.9892578125,0.9811547256097561
26,26,0,25,3,0.9794921875,0.9827585320723684
19,19,0,24,16,0.98779296875,0.9811547256097561
22,23,0,21,31,0.97998046875,0.9812641263757862
19,20,0,24,28,0.9833984375,0.9811547256097561
19,21,0,24,22,0.982421875,0.9811547256097561
22,23,0,21,28,0.97802734375,0.9812641263757862
16,17,0,3,2,0.9853515625,0.9794098384796627
18,18,0,17,3,0.98974609375,0.9810391413256726
22,22,0,21,16,0.978515625,0.9812641263757862
19,19,0,24,4,0.98828125,0.9811547256097561
19,20,0,24,15,0.98095703125,0.9811547256097561
19,19,0,24,10,0.98486328125,0.9811547256097561
16,17,0,3,6,0.98876953125,0.9794098384796627
19,19,0,24,2,0.9833984375,0.9811547256097561
18,18,0,17,2,0.98779296875,0.9810391413256726
18,18,0,17,13,0.9873046875,0.9810391413256726
16,17,0,3,22,0.9892578125,0.9794098384796627
18,18,0,17,27,0.986328125,0.9810391413256726
16,17,0,3,1,0.98486328125,0.9794098384796627
19,20,0,24,5,0.9873046875,0.9811547256097561
18,18,0,17,28,0.98583984375,0.9810391413256726
18,18,0,17,5,0.9912109375,0.9810391413256726
24,25,0,6,23,0.9794921875,0.9821806523904383
19,19,0,24,26,0.9921875,0.9811547256097561
19,19,0,24,5,0.98876953125,0.9811547256097561
29,30,0,5,27,0.9716796875,0.9827906831781915
18,18,0,17,1,0.98779296875,0.9810391413256726
19,20,0,24,29,0.9814453125,0.9811547256097561
19,19,0,24,18,0.9853515625,0.9811547256097561
24,25,0,6,18,0.9736328125,0.9821806523904383
18,18,0,17,10,0.986328125,0.9810391413256726
19,19,0,24,15,0.98095703125,0.9811547256097561
26,27,0,25,20,0.97998046875,0.9827585320723684
18,18,0,17,24,0.98486328125,0.9810391413256726
18,18,0,17,6,0.98828125,0.9810391413256726
19,20,0,24,4,0.986328125,0.9811547256097561
29,29,0,5,20,0.9736328125,0.9827906831781915
19,19,0,24,8,0.98193359375,0.9811547256097561
19,20,0,24,8,0.98193359375,0.9811547256097561
19,21,0,24,6,0.98193359375,0.9811547256097561
16,16,0,3,16,0.9892578125,0.9794098384796627
26,26,0,25,14,0.9794921875,0.9827585320723684
18,18,0,17,11,0.98583984375,0.9810391413256726
22,22,0,21,28,0.98046875,0.9812641263757862
16,17,0,3,14,0.9853515625,0.9794098384796627
19,19,0,24,6,0.98779296875,0.9811547256097561
16,17,0,3,7,0.98291015625,0.9794098384796627
19,20,0,24,7,0.9853515625,0.9811547256097561
19,21,0,24,28,0.9814453125,0.9811547256097561
16,16,0,3,17,0.986328125,0.9794098384796627
26,26,0,25,31,0.98046875,0.9827585320723684
18,18,0,17,15,0.9833984375,0.9810391413256726
19,21,0,24,7,0.9814453125,0.9811547256097561
16,17,0,3,12,0.98291015625,0.9794098384796627
19,19,0,24,17,0.98291015625,0.9811547256097561
29,30,0,5,29,0.9736328125,0.9827906831781915
16,17,0,3,15,0.9814453125,0.9794098384796627
19,21,0,24,5,0.97998046875,0.9811547256097561
24,25,0,6,14,0.9736328125,0.9821806523904383
18,18,0,17,25,0.984375,0.9810391413256726
16,16,0,3,2,0.9951171875,0.9794098384796627
26,27,0,25,23,0.97900390625,0.9827585320723684
19,19,0,24,19,0.98291015625,0.9811547256097561
16,17,0,3,5,0.9814453125,0.9794098384796627
18,18,0,17,26,0.9833984375,0.9810391413256726
22,23,0,21,5,0.9794921875,0.9812641263757862
16,17,0,3,4,0.98046875,0.9794098384796627
19,19,0,24,7,0.9833984375,0.9811547256097561
18,18,0,17,12,0.98095703125,0.9810391413256726
24,25,0,6,7,0.97314453125,0.9821806523904383
16,16,0,3,18,0.98486328125,0.9794098384796627
15,15,0,18,10,0.98828125,0.9790216789391762
16,17,0,3,13,0.97998046875,0.9794098384796627
24,25,0,6,4,0.97265625,0.9821806523904383
26,26,0,25,13,0.97900390625,0.9827585320723684
29,30,0,5,15,0.97021484375,0.9827906831781915
18,18,0,17,7,0.9833984375,0.9810391413256726
22,22,0,21,31,0.97900390625,0.9812641263757862
26,26,0,25,12,0.97900390625,0.9827585320723684
24,25,0,6,15,0.97314453125,0.9821806523904383
16,16,0,3,5,0.98291015625,0.9794098384796627
16,17,0,3,10,0.98291015625,0.9794098384796627
16,17,0,3,30,0.97802734375,0.9794098384796627
15,15,0,18,24,0.9833984375,0.9790216789391762
16,17,0,3,20,0.98046875,0.9794098384796627
19,19,0,24,0,0.98046875,0.9811547256097561
26,28,0,25,18,0.974609375,0.9827585320723684
15,15,0,18,16,0.99267578125,0.9790216789391762
18,18,0,17,14,0.98193359375,0.9810391413256726
16,17,0,3,18,0.9833984375,0.9794098384796627
24,25,0,6,22,0.974609375,0.9821806523904383
26,27,0,25,16,0.978515625,0.9827585320723684
24,25,0,6,20,0.974609375,0.9821806523904383
16,17,0,3,9,0.98388671875,0.9794098384796627
16,17,0,3,8,0.98486328125,0.9794098384796627
16,17,0,3,19,0.98046875,0.9794098384796627
16,17,0,3,16,0.98388671875,0.9794098384796627
18,18,0,17,19,0.9873046875,0.9810391413256726
16,17,0,3,0,0.97998046875,0.9794098384796627
29,30,0,5,3,0.97314453125,0.9827906831781915
1,14,0,2,27,0.97802734375,0.9784214773577844
24,24,0,6,17,0.97314453125,0.9821806523904383
24,24,0,6,16,0.97314453125,0.9821806523904383
16,16,0,3,14,0.98046875,0.9794098384796627
16,16,0,3,13,0.98095703125,0.9794098384796627
16,16,0,3,12,0.98046875,0.9794098384796627
16,16,0,3,15,0.9794921875,0.9794098384796627
19,21,0,24,25,0.9765625,0.9811547256097561
26,26,0,25,27,0.9814453125,0.9827585320723684
26,27,0,25,22,0.9765625,0.9827585320723684
15,15,0,18,9,0.98291015625,0.9790216789391762
19,20,0,24,1,0.97802734375,0.9811547256097561
19,21,0,24,4,0.9775390625,0.9811547256097561
15,15,0,18,4,0.9794921875,0.9790216789391762
16,16,0,3,7,0.9775390625,0.9794098384796627
19,21,0,24,29,0.978515625,0.9811547256097561
16,16,0,3,21,0.98828125,0.9794098384796627
15,15,0,18,6,0.9814453125,0.9790216789391762
15,15,0,18,7,0.9814453125,0.9790216789391762
24,25,0,6,12,0.97119140625,0.9821806523904383
16,16,0,3,28,0.978515625,0.9794098384796627
19,19,0,24,14,0.978515625,0.9811547256097561
19,20,0,24,30,0.97900390625,0.9811547256097561
22,22,0,21,29,0.97900390625,0.9812641263757862
1,14,0,2,16,0.9765625,0.9784214773577844
15,15,0,18,8,0.9814453125,0.9790216789391762
24,24,0,6,26,0.97119140625,0.9821806523904383
16,17,0,3,17,0.9814453125,0.9794098384796627
15,15,0,18,19,0.98828125,0.9790216789391762
26,26,0,25,30,0.9765625,0.9827585320723684
22,22,0,21,12,0.97900390625,0.9812641263757862
1,13,0,2,25,0.9814453125,0.9784214773577844
16,16,0,3,22,0.97900390625,0.9794098384796627
24,25,0,6,13,0.970703125,0.9821806523904383
26,26,0,25,29,0.9794921875,0.9827585320723684
1,14,0,2,25,0.970703125,0.9784214773577844
16,16,0,3,4,0.9755859375,0.9794098384796627
22,23,0,21,22,0.9775390625,0.9812641263757862
16,16,0,3,31,0.9765625,0.9794098384796627
15,15,0,18,13,0.98095703125,0.9790216789391762
16,16,0,3,29,0.97509765625,0.9794098384796627
15,15,0,18,15,0.98046875,0.9790216789391762
22,22,0,21,11,0.97265625,0.9812641263757862
22,23,0,21,27,0.97607421875,0.9812641263757862
16,16,0,3,30,0.9755859375,0.9794098384796627
1,14,0,2,10,0.98095703125,0.9784214773577844
29,30,0,5,30,0.96923828125,0.9827906831781915
22,22,0,21,27,0.9736328125,0.9812641263757862
24,24,0,6,22,0.970703125,0.9821806523904383
24,24,0,6,18,0.97021484375,0.9821806523904383
24,24,0,6,25,0.9697265625,0.9821806523904383
24,25,0,6,6,0.96923828125,0.9821806523904383
19,21,0,24,1,0.97607421875,0.9811547256097561
29,29,0,5,11,0.9716796875,0.9827906831781915
1,13,0,2,24,0.9794921875,0.9784214773577844
15,15,0,18,0,0.98046875,0.9790216789391762
1,12,0,2,20,0.984375,0.9784214773577844
1,12,0,2,29,0.97802734375,0.9784214773577844
1,12,0,2,30,0.97802734375,0.9784214773577844
26,28,0,25,13,0.97412109375,0.9827585320723684
22,23,0,21,13,0.97705078125,0.9812641263757862
24,24,0,6,24,0.9697265625,0.9821806523904383
19,21,0,24,31,0.9765625,0.9811547256097561
1,12,0,2,22,0.982421875,0.9784214773577844
1,12,0,2,31,0.9765625,0.9784214773577844
16,16,0,3,0,0.98828125,0.9794098384796627
15,15,0,18,12,0.9755859375,0.9790216789391762
26,28,0,25,23,0.97216796875,0.9827585320723684
16,16,0,3,6,0.97314453125,0.9794098384796627
15,15,0,18,17,0.98779296875,0.9790216789391762
1,12,0,2,28,0.97705078125,0.9784214773577844
1,12,0,2,23,0.97900390625,0.9784214773577844
16,17,0,3,11,0.97265625,0.9794098384796627
1,14,0,2,8,0.9814453125,0.9784214773577844
1,13,0,2,29,0.97802734375,0.9784214773577844
1,12,0,2,21,0.9755859375,0.9784214773577844
15,15,0,18,14,0.97705078125,0.9790216789391762
1,13,0,2,26,0.9755859375,0.9784214773577844
1,12,0,2,16,0.9794921875,0.9784214773577844
18,18,0,17,4,0.98095703125,0.9810391413256726
1,13,0,2,28,0.984375,0.9784214773577844
1,14,0,2,9,0.97998046875,0.9784214773577844
24,24,0,6,20,0.97021484375,0.9821806523904383
1,14,0,2,11,0.97998046875,0.9784214773577844
22,23,0,21,12,0.97705078125,0.9812641263757862
18,18,0,17,23,0.9833984375,0.9810391413256726
1,12,0,2,13,0.97705078125,0.9784214773577844
26,27,0,25,4,0.9736328125,0.9827585320723684
15,15,0,18,31,0.978515625,0.9790216789391762
1,12,0,2,18,0.98046875,0.9784214773577844
1,12,0,2,3,0.97216796875,0.9784214773577844
1,12,0,2,17,0.98095703125,0.9784214773577844
26,28,0,25,0,0.97216796875,0.9827585320723684
19,20,0,24,14,0.97607421875,0.9811547256097561
26,28,0,25,26,0.9658203125,0.9827585320723684
19,21,0,24,12,0.97216796875,0.9811547256097561
26,27,0,25,5,0.97265625,0.9827585320723684
19,21,0,24,15,0.97216796875,0.9811547256097561
22,23,0,21,25,0.97412109375,0.9812641263757862
26,27,0,25,6,0.9716796875,0.9827585320723684
1,12,0,2,24,0.9697265625,0.9784214773577844
1,12,0,2,25,0.96923828125,0.9784214773577844
1,14,0,2,21,0.97021484375,0.9784214773577844
15,15,0,18,28,0.98095703125,0.9790216789391762
1,11,0,2,18,0.97509765625,0.9784214773577844
24,24,0,6,23,0.96826171875,0.9821806523904383
1,11,0,2,29,0.97802734375,0.9784214773577844
1,10,0,2,8,0.97802734375,0.9784214773577844
29,30,0,5,24,0.96533203125,0.9827906831781915
19,19,0,24,12,0.974609375,0.9811547256097561
1,12,0,2,27,0.9677734375,0.9784214773577844
1,11,0,2,20,0.9716796875,0.9784214773577844
1,11,0,2,10,0.9736328125,0.9784214773577844
1,12,0,2,19,0.9775390625,0.9784214773577844
1,10,0,2,10,0.98388671875,0.9784214773577844
16,16,0,3,11,0.9794921875,0.9794098384796627
1,14,0,2,19,0.9755859375,0.9784214773577844
1,12,0,2,8,0.96728515625,0.9784214773577844
1,10,0,2,15,0.9814453125,0.9784214773577844
15,15,0,18,29,0.982421875,0.9790216789391762
1,10,0,2,4,0.98388671875,0.9784214773577844
1,10,0,2,6,0.9794921875,0.9784214773577844
16,16,0,3,9,0.9775390625,0.9794098384796627
16,17,0,3,23,0.978515625,0.9794098384796627
22,22,0,21,14,0.9755859375,0.9812641263757862
24,24,0,6,27,0.966796875,0.9821806523904383
1,11,0,2,30,0.974609375,0.9784214773577844
1,11,0,2,16,0.97998046875,0.9784214773577844
1,12,0,2,7,0.9658203125,0.9784214773577844
1,11,0,2,19,0.9775390625,0.9784214773577844
22,22,0,21,15,0.9765625,0.9812641263757862
1,12,0,2,15,0.966796875,0.9784214773577844
1,10,0,2,11,0.9833984375,0.9784214773577844
1,11,0,2,17,0.97607421875,0.9784214773577844
1,12,0,2,26,0.966796875,0.9784214773577844
1,12,0,2,2,0.9677734375,0.9784214773577844
1,10,0,2,9,0.98095703125,0.9784214773577844
1,12,0,2,14,0.9697265625,0.9784214773577844
26,26,0,25,15,0.97265625,0.9827585320723684
24,25,0,6,5,0.96630859375,0.9821806523904383
1,13,0,2,31,0.96728515625,0.9784214773577844
1,11,0,2,28,0.97265625,0.9784214773577844
19,21,0,24,2,0.97119140625,0.9811547256097561
19,20,0,24,25,0.97216796875,0.9811547256097561
1,12,0,2,0,0.96826171875,0.9784214773577844
1,9,0,2,6,0.986328125,0.9784214773577844
15,15,0,18,5,0.9755859375,0.9790216789391762
1,9,0,2,24,0.98046875,0.9784214773577844
1,9,0,2,5,0.986328125,0.9784214773577844
26,28,0,25,27,0.97021484375,0.9827585320723684
1,10,0,2,5,0.978515625,0.9784214773577844
1,9,0,2,26,0.9814453125,0.9784214773577844
16,17,0,3,27,0.98388671875,0.9794098384796627
1,9,0,2,7,0.978515625,0.9784214773577844
1,13,0,2,27,0.97021484375,0.9784214773577844
19,21,0,24,11,0.9716796875,0.9811547256097561
1,9,0,2,4,0.9814453125,0.9784214773577844
1,10,0,2,12,0.978515625,0.9784214773577844
22,22,0,21,13,0.974609375,0.9812641263757862
29,29,0,5,9,0.96484375,0.9827906831781915
1,9,0,2,9,0.986328125,0.9784214773577844
1,9,0,2,10,0.98486328125,0.9784214773577844
1,9,0,2,8,0.98583984375,0.9784214773577844
1,14,0,2,18,0.97119140625,0.9784214773577844
15,15,0,18,27,0.97314453125,0.9790216789391762
1,11,0,2,31,0.97314453125,0.9784214773577844
1,10,0,2,0,0.97314453125,0.9784214773577844
18,18,0,17,18,0.9833984375,0.9810391413256726
22,23,0,21,20,0.97216796875,0.9812641263757862
1,12,0,2,9,0.96337890625,0.9784214773577844
1,14,0,2,23,0.96533203125,0.9784214773577844
1,8,0,2,16,0.978515625,0.9784214773577844
1,8,0,2,20,0.98388671875,0.9784214773577844
1,13,0,2,19,0.966796875,0.9784214773577844
19,21,0,24,14,0.97021484375,0.9811547256097561
1,11,0,2,9,0.966796875,0.9784214773577844
1,8,0,2,21,0.98291015625,0.9784214773577844
1,8,0,2,13,0.9755859375,0.9784214773577844
1,11,0,2,11,0.9658203125,0.9784214773577844
16,17,0,3,3,0.9697265625,0.9794098384796627
19,20,0,24,20,0.97509765625,0.9811547256097561
1,8,0,2,23,0.984375,0.9784214773577844
22,22,0,21,1,0.974609375,0.9812641263757862
1,8,0,2,5,0.98095703125,0.9784214773577844
1,10,0,2,16,0.96875,0.9784214773577844
1,10,0,2,7,0.9736328125,0.9784214773577844
1,8,0,2,6,0.9814453125,0.9784214773577844
1,8,0,2,7,0.97314453125,0.9784214773577844
1,12,0,2,6,0.962890625,0.9784214773577844
1,9,0,2,28,0.97216796875,0.9784214773577844
29,30,0,5,26,0.96435546875,0.9827906831781915
1,8,0,2,22,0.98291015625,0.9784214773577844
1,8,0,2,4,0.98046875,0.9784214773577844
29,30,0,5,2,0.9638671875,0.9827906831781915
1,8,0,2,14,0.9697265625,0.9784214773577844
1,12,0,2,1,0.9638671875,0.9784214773577844
1,8,0,2,15,0.96875,0.9784214773577844
1,9,0,2,11,0.982421875,0.9784214773577844
15,15,0,18,20,0.9716796875,0.9790216789391762
26,28,0,25,20,0.96728515625,0.9827585320723684
1,7,0,2,31,0.98095703125,0.9784214773577844
15,15,0,18,11,0.974609375,0.9790216789391762
1,11,0,2,22,0.96630859375,0.9784214773577844
1,7,0,2,0,0.98681640625,0.9784214773577844
1,7,0,2,30,0.98095703125,0.9784214773577844
1,7,0,2,14,0.978515625,0.9784214773577844
1,14,0,2,26,0.974609375,0.9784214773577844
1,7,0,2,29,0.98095703125,0.9784214773577844
1,7,0,2,28,0.97998046875,0.9784214773577844
1,14,0,2,17,0.97314453125,0.9784214773577844
18,18,0,17,0,0.978515625,0.9810391413256726
26,27,0,25,7,0.96826171875,0.9827585320723684
1,7,0,2,4,0.9794921875,0.9784214773577844
1,7,0,2,9,0.97509765625,0.9784214773577844
18,18,0,17,9,0.97802734375,0.9810391413256726
18,18,0,17,16,0.9814453125,0.9810391413256726
1,7,0,2,20,0.9775390625,0.9784214773577844
1,12,0,2,12,0.966796875,0.9784214773577844
1,7,0,2,12,0.9755859375,0.9784214773577844
1,7,0,2,11,0.97607421875,0.9784214773577844
1,7,0,2,13,0.974609375,0.9784214773577844
1,7,0,2,8,0.9736328125,0.9784214773577844
1,7,0,2,1,0.98193359375,0.9784214773577844
16,16,0,3,24,0.9775390625,0.9794098384796627
1,11,0,2,8,0.96435546875,0.9784214773577844
1,8,0,2,18,0.9697265625,0.9784214773577844
6,14,0,3,24,0.9609375,0.9754333033004552
4,14,0,10,7,0.96142578125,0.9752639791381669
2,12,0,6,5,0.96337890625,0.9777297305225282
1,7,0,2,2,0.98193359375,0.9784214773577844
1,13,0,2,7,0.96337890625,0.9784214773577844
1,7,0,2,16,0.96875,0.9784214773577844
1,7,0,2,15,0.97021484375,0.9784214773577844
1,7,0,2,19,0.97119140625,0.9784214773577844
1,7,0,2,18,0.96923828125,0.9784214773577844
18,18,0,17,22,0.978515625,0.9810391413256726
22,22,0,21,8,0.96826171875,0.9812641263757862
1,11,0,2,23,0.966796875,0.9784214773577844
1,10,0,2,17,0.9697265625,0.9784214773577844
1,9,0,2,25,0.9716796875,0.9784214773577844
4,14,0,10,15,0.9609375,0.9752639791381669
1,7,0,2,17,0.9697265625,0.9784214773577844
15,15,0,18,2,0.9775390625,0.9790216789391762
1,9,0,2,18,0.96923828125,0.9784214773577844
19,20,0,24,24,0.97265625,0.9811547256097561
1,7,0,2,21,0.97705078125,0.9784214773577844
1,14,0,2,14,0.96337890625,0.9784214773577844
1,7,0,2,26,0.97314453125,0.9784214773577844
2,12,0,6,11,0.9638671875,0.9777297305225282
1,6,0,2,23,0.97802734375,0.9784214773577844
1,6,0,2,5,0.98291015625,0.9784214773577844
1,6,0,2,27,0.984375,0.9784214773577844
1,6,0,2,17,0.986328125,0.9784214773577844
1,6,0,2,0,0.9853515625,0.9784214773577844
1,6,0,2,14,0.9794921875,0.9784214773577844
1,6,0,2,2,0.986328125,0.9784214773577844
1,6,0,2,19,0.9853515625,0.9784214773577844
1,6,0,2,18,0.98779296875,0.9784214773577844
1,6,0,2,26,0.9814453125,0.9784214773577844
1,6,0,2,12,0.98291015625,0.9784214773577844
15,15,0,18,23,0.97021484375,0.9790216789391762
19,20,0,24,26,0.96630859375,0.9811547256097561
1,6,0,2,1,0.98291015625,0.9784214773577844
1,6,0,2,13,0.9814453125,0.9784214773577844
1,6,0,2,16,0.984375,0.9784214773577844
1,6,0,2,30,0.9794921875,0.9784214773577844
1,11,0,2,2,0.96435546875,0.9784214773577844
1,6,0,2,15,0.98095703125,0.9784214773577844
1,6,0,2,24,0.97998046875,0.9784214773577844
1,7,0,2,5,0.97607421875,0.9784214773577844
1,6,0,2,11,0.982421875,0.9784214773577844
1,6,0,2,10,0.98193359375,0.9784214773577844
19,19,0,24,3,0.9697265625,0.9811547256097561
1,6,0,2,7,0.97509765625,0.9784214773577844
13,14,0,9,6,0.98095703125,0.9717591751453488
1,6,0,2,29,0.9736328125,0.9784214773577844
1,6,0,2,4,0.9736328125,0.9784214773577844
1,6,0,2,25,0.98046875,0.9784214773577844
2,12,0,6,4,0.9609375,0.9777297305225282
1,7,0,2,6,0.9697265625,0.9784214773577844
1,8,0,2,3,0.9716796875,0.9784214773577844
1,8,0,2,2,0.9677734375,0.9784214773577844
1,8,0,2,19,0.96533203125,0.9784214773577844
13,14,0,9,4,0.97265625,0.9717591751453488
1,6,0,2,8,0.98046875,0.9784214773577844
1,6,0,2,21,0.97265625,0.9784214773577844
16,17,0,3,25,0.97802734375,0.9794098384796627
1,7,0,2,3,0.97607421875,0.9784214773577844
1,11,0,2,27,0.9619140625,0.9784214773577844
1,8,0,2,10,0.96728515625,0.9784214773577844
13,13,0,9,15,0.97607421875,0.9717591751453488
1,7,0,2,7,0.96875,0.9784214773577844
1,10,0,2,26,0.9609375,0.9784214773577844
1,7,0,2,24,0.96875,0.9784214773577844
1,11,0,2,25,0.962890625,0.9784214773577844
15,15,0,18,25,0.9638671875,0.9790216789391762
1,8,0,2,17,0.966796875,0.9784214773577844
1,11,0,2,3,0.96044921875,0.9784214773577844
1,11,0,2,4,0.962890625,0.9784214773577844
1,7,0,2,27,0.970703125,0.9784214773577844
1,5,0,2,26,0.98486328125,0.9784214773577844
1,5,0,2,0,0.98291015625,0.9784214773577844
1,5,0,2,23,0.984375,0.9784214773577844
1,5,0,2,21,0.984375,0.9784214773577844
1,5,0,2,20,0.98193359375,0.9784214773577844
1,5,0,2,24,0.98046875,0.9784214773577844
1,5,0,2,19,0.98095703125,0.9784214773577844
1,5,0,2,30,0.9833984375,0.9784214773577844
1,5,0,2,27,0.97802734375,0.9784214773577844
1,5,0,2,12,0.98583984375,0.9784214773577844
1,5,0,2,29,0.98291015625,0.9784214773577844
1,5,0,2,2,0.9814453125,0.9784214773577844
1,5,0,2,15,0.98486328125,0.9784214773577844
1,5,0,2,1,0.97607421875,0.9784214773577844
1,5,0,2,28,0.98095703125,0.9784214773577844
1,5,0,2,3,0.98046875,0.9784214773577844
1,5,0,2,31,0.9814453125,0.9784214773577844
1,5,0,2,25,0.9775390625,0.9784214773577844
1,8,0,2,12,0.96435546875,0.9784214773577844
1,10,0,2,30,0.966796875,0.9784214773577844
1,5,0,2,14,0.9833984375,0.9784214773577844
16,16,0,3,19,0.978515625,0.9794098384796627
