24,24,0,6,4,0.99609375,48.5732421875
24,24,0,6,5,0.99560546875,48.5732421875
24,24,0,6,7,0.9951171875,48.5732421875
24,29,0,6,17,0.9931640625,48.5732421875
24,25,0,6,2,0.99267578125,48.5732421875
24,24,0,6,11,0.9921875,48.5732421875
24,25,0,6,0,0.9921875,48.5732421875
24,25,0,6,25,0.9921875,48.5732421875
24,25,0,6,26,0.9921875,48.5732421875
24,29,0,6,6,0.9921875,48.5732421875
24,25,0,6,3,0.99169921875,48.5732421875
24,25,0,6,10,0.99169921875,48.5732421875
24,26,0,6,5,0.99169921875,48.5732421875
24,29,0,6,5,0.99169921875,48.5732421875
24,24,0,6,14,0.9912109375,48.5732421875
24,25,0,6,27,0.9912109375,48.5732421875
24,27,0,6,12,0.9912109375,48.5732421875
24,29,0,6,4,0.9912109375,48.5732421875
24,29,0,6,7,0.9912109375,48.5732421875
24,29,0,6,16,0.9912109375,48.5732421875
24,29,0,6,18,0.9912109375,48.5732421875
24,30,0,6,7,0.9912109375,48.5732421875
24,31,0,6,4,0.9912109375,48.5732421875
24,24,0,6,9,0.99072265625,48.5732421875
24,24,0,6,10,0.99072265625,48.5732421875
24,26,0,6,4,0.99072265625,48.5732421875
24,26,0,6,7,0.99072265625,48.5732421875
24,26,0,6,8,0.99072265625,48.5732421875
24,26,0,6,9,0.99072265625,48.5732421875
24,26,0,6,11,0.99072265625,48.5732421875
24,26,0,6,25,0.99072265625,48.5732421875
24,27,0,6,13,0.99072265625,48.5732421875
24,27,0,6,26,0.99072265625,48.5732421875
24,27,0,6,27,0.99072265625,48.5732421875
24,29,0,6,19,0.99072265625,48.5732421875
24,24,0,6,0,0.990234375,48.5732421875
24,25,0,6,24,0.990234375,48.5732421875
24,26,0,6,16,0.990234375,48.5732421875
24,26,0,6,24,0.990234375,48.5732421875
24,27,0,6,0,0.990234375,48.5732421875
24,27,0,6,2,0.990234375,48.5732421875
24,27,0,6,24,0.990234375,48.5732421875
24,27,0,6,31,0.990234375,48.5732421875
24,28,0,6,2,0.990234375,48.5732421875
24,29,0,6,1,0.990234375,48.5732421875
24,29,0,6,15,0.990234375,48.5732421875
24,29,0,6,29,0.990234375,48.5732421875
24,30,0,6,4,0.990234375,48.5732421875
24,30,0,6,5,0.990234375,48.5732421875
24,24,0,6,8,0.98974609375,48.5732421875
24,25,0,6,8,0.98974609375,48.5732421875
24,25,0,6,9,0.98974609375,48.5732421875
24,25,0,6,30,0.98974609375,48.5732421875
24,27,0,6,3,0.98974609375,48.5732421875
24,27,0,6,30,0.98974609375,48.5732421875
24,28,0,6,1,0.98974609375,48.5732421875
24,29,0,6,13,0.98974609375,48.5732421875
24,31,0,6,8,0.98974609375,48.5732421875
24,24,0,6,12,0.9892578125,48.5732421875
24,26,0,6,6,0.9892578125,48.5732421875
24,27,0,6,25,0.9892578125,48.5732421875
24,28,0,6,28,0.9892578125,48.5732421875
24,29,0,6,12,0.9892578125,48.5732421875
24,24,0,6,2,0.98876953125,48.5732421875
24,25,0,6,1,0.98876953125,48.5732421875
24,25,0,6,16,0.98876953125,48.5732421875
24,26,0,6,20,0.98876953125,48.5732421875
24,28,0,6,16,0.98876953125,48.5732421875
24,24,0,6,31,0.98828125,48.5732421875
24,25,0,6,19,0.98828125,48.5732421875
24,25,0,6,31,0.98828125,48.5732421875
24,26,0,6,26,0.98828125,48.5732421875
24,27,0,6,1,0.98828125,48.5732421875
24,27,0,6,15,0.98828125,48.5732421875
24,28,0,6,4,0.98828125,48.5732421875
24,28,0,6,19,0.98828125,48.5732421875
24,29,0,6,14,0.98828125,48.5732421875
24,29,0,6,30,0.98828125,48.5732421875
24,31,0,6,10,0.98828125,48.5732421875
24,24,0,6,13,0.98779296875,48.5732421875
24,25,0,6,28,0.98779296875,48.5732421875
24,26,0,6,17,0.98779296875,48.5732421875
24,31,0,6,9,0.98779296875,48.5732421875
24,31,0,6,13,0.98779296875,48.5732421875
24,24,0,6,1,0.9873046875,48.5732421875
24,24,0,6,15,0.9873046875,48.5732421875
24,26,0,6,10,0.9873046875,48.5732421875
24,28,0,6,3,0.9873046875,48.5732421875
24,28,0,6,6,0.9873046875,48.5732421875
24,29,0,6,3,0.9873046875,48.5732421875
24,30,0,6,23,0.9873046875,48.5732421875
24,31,0,6,2,0.9873046875,48.5732421875
24,31,0,6,31,0.9873046875,48.5732421875
24,25,0,6,11,0.98681640625,48.5732421875
24,27,0,6,14,0.98681640625,48.5732421875
24,27,0,6,18,0.98681640625,48.5732421875
24,27,0,6,19,0.98681640625,48.5732421875
24,27,0,6,29,0.98681640625,48.5732421875
24,24,0,6,19,0.986328125,48.5732421875
24,25,0,6,29,0.986328125,48.5732421875
24,26,0,6,18,0.986328125,48.5732421875
24,27,0,6,17,0.986328125,48.5732421875
24,28,0,6,17,0.986328125,48.5732421875
24,28,0,6,29,0.986328125,48.5732421875
24,28,0,6,31,0.986328125,48.5732421875
24,31,0,6,1,0.986328125,48.5732421875
24,31,0,6,5,0.986328125,48.5732421875
24,31,0,6,15,0.986328125,48.5732421875
24,31,0,6,27,0.986328125,48.5732421875
24,25,0,6,21,0.98583984375,48.5732421875
24,26,0,6,1,0.98583984375,48.5732421875
24,27,0,6,9,0.98583984375,48.5732421875
24,28,0,6,7,0.98583984375,48.5732421875
24,28,0,6,8,0.98583984375,48.5732421875
24,28,0,6,11,0.98583984375,48.5732421875
24,28,0,6,12,0.98583984375,48.5732421875
24,30,0,6,16,0.98583984375,48.5732421875
24,30,0,6,17,0.98583984375,48.5732421875
24,27,0,6,28,0.9853515625,48.5732421875
24,29,0,6,0,0.9853515625,48.5732421875
24,30,0,6,20,0.9853515625,48.5732421875
24,31,0,6,3,0.9853515625,48.5732421875
24,26,0,6,22,0.98486328125,48.5732421875
24,27,0,6,11,0.98486328125,48.5732421875
24,30,0,6,22,0.98486328125,48.5732421875
24,24,0,6,21,0.984375,48.5732421875
24,28,0,6,14,0.984375,48.5732421875
24,29,0,6,28,0.984375,48.5732421875
24,30,0,6,6,0.984375,48.5732421875
24,31,0,6,17,0.984375,48.5732421875
24,31,0,6,19,0.984375,48.5732421875
24,24,0,6,29,0.98388671875,48.5732421875
24,28,0,6,5,0.98388671875,48.5732421875
24,30,0,6,8,0.98388671875,48.5732421875
24,31,0,6,6,0.98388671875,48.5732421875
24,31,0,6,12,0.98388671875,48.5732421875
24,24,0,6,30,0.9833984375,48.5732421875
24,27,0,6,10,0.9833984375,48.5732421875
24,28,0,6,22,0.9833984375,48.5732421875
24,28,0,6,25,0.9833984375,48.5732421875
24,29,0,6,2,0.9833984375,48.5732421875
24,29,0,6,25,0.9833984375,48.5732421875
24,30,0,6,19,0.9833984375,48.5732421875
24,31,0,6,0,0.9833984375,48.5732421875
24,26,0,6,28,0.98291015625,48.5732421875
24,31,0,6,18,0.98291015625,48.5732421875
24,31,0,6,29,0.98291015625,48.5732421875
24,24,0,6,3,0.982421875,48.5732421875
24,24,0,6,28,0.982421875,48.5732421875
24,26,0,6,2,0.982421875,48.5732421875
24,26,0,6,21,0.982421875,48.5732421875
24,26,0,6,23,0.982421875,48.5732421875
24,29,0,6,10,0.982421875,48.5732421875
24,30,0,6,10,0.982421875,48.5732421875
24,30,0,6,28,0.982421875,48.5732421875
24,31,0,6,26,0.982421875,48.5732421875
24,29,0,6,23,0.98193359375,48.5732421875
24,30,0,6,0,0.98193359375,48.5732421875
24,31,0,6,11,0.98193359375,48.5732421875
24,31,0,6,24,0.98193359375,48.5732421875
24,28,0,6,9,0.9814453125,48.5732421875
24,31,0,6,28,0.9814453125,48.5732421875
24,25,0,6,17,0.98095703125,48.5732421875
24,27,0,6,8,0.98095703125,48.5732421875
24,26,0,6,19,0.98046875,48.5732421875
24,29,0,6,24,0.98046875,48.5732421875
24,30,0,6,18,0.98046875,48.5732421875
24,31,0,6,22,0.98046875,48.5732421875
24,27,0,6,21,0.97998046875,48.5732421875
24,28,0,6,10,0.97998046875,48.5732421875
24,29,0,6,27,0.97998046875,48.5732421875
24,25,0,6,23,0.9794921875,48.5732421875
24,28,0,6,21,0.9794921875,48.5732421875
24,31,0,6,7,0.97900390625,48.5732421875
24,28,0,6,15,0.978515625,48.5732421875
24,28,0,6,24,0.978515625,48.5732421875
24,28,0,6,30,0.978515625,48.5732421875
24,29,0,6,31,0.978515625,48.5732421875
24,31,0,6,25,0.978515625,48.5732421875
24,30,0,6,31,0.9775390625,48.5732421875
24,31,0,6,16,0.9775390625,48.5732421875
24,30,0,6,13,0.97705078125,48.5732421875
24,26,0,6,0,0.9765625,48.5732421875
24,31,0,6,20,0.97607421875,48.5732421875
24,31,0,6,23,0.97607421875,48.5732421875
24,29,0,6,22,0.9755859375,48.5732421875
24,31,0,6,30,0.9755859375,48.5732421875
24,25,0,6,20,0.974609375,48.5732421875
24,25,0,6,22,0.974609375,48.5732421875
24,29,0,6,21,0.974609375,48.5732421875
24,29,0,6,26,0.974609375,48.5732421875
24,26,0,6,3,0.97412109375,48.5732421875
24,29,0,6,8,0.97412109375,48.5732421875
24,30,0,6,25,0.97412109375,48.5732421875
24,25,0,6,14,0.9736328125,48.5732421875
24,25,0,6,18,0.9736328125,48.5732421875
24,24,0,6,16,0.97314453125,48.5732421875
24,24,0,6,17,0.97314453125,48.5732421875
24,25,0,6,7,0.97314453125,48.5732421875
24,25,0,6,15,0.97314453125,48.5732421875
24,26,0,6,31,0.97314453125,48.5732421875
24,30,0,6,14,0.97314453125,48.5732421875
24,25,0,6,4,0.97265625,48.5732421875
24,26,0,6,14,0.97265625,48.5732421875
24,27,0,6,20,0.97265625,48.5732421875
24,30,0,6,1,0.97265625,48.5732421875
24,30,0,6,9,0.97265625,48.5732421875
24,26,0,6,13,0.97216796875,48.5732421875
24,29,0,6,20,0.97216796875,48.5732421875
24,30,0,6,21,0.97216796875,48.5732421875
24,26,0,6,12,0.9716796875,48.5732421875
24,27,0,6,23,0.9716796875,48.5732421875
24,24,0,6,26,0.97119140625,48.5732421875
24,25,0,6,12,0.97119140625,48.5732421875
24,31,0,6,21,0.97119140625,48.5732421875
24,24,0,6,22,0.970703125,48.5732421875
24,25,0,6,13,0.970703125,48.5732421875
24,26,0,6,29,0.970703125,48.5732421875
24,30,0,6,12,0.970703125,48.5732421875
24,24,0,6,18,0.97021484375,48.5732421875
24,24,0,6,20,0.97021484375,48.5732421875
24,30,0,6,11,0.97021484375,48.5732421875
20,20,0,17,16,0.99609375,41.63818359375
20,20,0,17,18,0.99609375,41.63818359375
20,20,0,17,19,0.99609375,41.63818359375
20,23,0,17,1,0.99365234375,41.63818359375
20,23,0,17,3,0.99365234375,41.63818359375
20,23,0,17,2,0.9921875,41.63818359375
20,21,0,17,17,0.9912109375,41.63818359375
20,22,0,17,6,0.9912109375,41.63818359375
20,21,0,17,16,0.99072265625,41.63818359375
20,22,0,17,5,0.99072265625,41.63818359375
20,23,0,17,0,0.99072265625,41.63818359375
20,21,0,17,18,0.990234375,41.63818359375
20,22,0,17,4,0.990234375,41.63818359375
20,23,0,17,10,0.98974609375,41.63818359375
20,21,0,17,23,0.9892578125,41.63818359375
20,23,0,17,11,0.9892578125,41.63818359375
20,20,0,17,6,0.98876953125,41.63818359375
20,22,0,17,7,0.98876953125,41.63818359375
20,20,0,17,5,0.98828125,41.63818359375
20,21,0,17,20,0.98828125,41.63818359375
20,22,0,17,21,0.98828125,41.63818359375
20,23,0,17,26,0.98828125,41.63818359375
20,22,0,17,18,0.98779296875,41.63818359375
20,22,0,17,26,0.98779296875,41.63818359375
20,23,0,17,24,0.9873046875,41.63818359375
20,20,0,17,4,0.98681640625,41.63818359375
20,22,0,17,25,0.98681640625,41.63818359375
20,20,0,17,11,0.986328125,41.63818359375
20,21,0,17,21,0.986328125,41.63818359375
20,21,0,17,22,0.986328125,41.63818359375
20,22,0,17,20,0.986328125,41.63818359375
20,22,0,17,22,0.986328125,41.63818359375
20,22,0,17,23,0.986328125,41.63818359375
20,20,0,17,7,0.98583984375,41.63818359375
20,20,0,17,21,0.98583984375,41.63818359375
20,20,0,17,22,0.98583984375,41.63818359375
20,21,0,17,19,0.98583984375,41.63818359375
20,23,0,17,4,0.98583984375,41.63818359375
20,23,0,17,9,0.9853515625,41.63818359375
20,23,0,17,23,0.98486328125,41.63818359375
20,21,0,17,3,0.984375,41.63818359375
20,23,0,17,7,0.984375,41.63818359375
20,23,0,17,18,0.984375,41.63818359375
20,23,0,17,21,0.984375,41.63818359375
20,21,0,17,27,0.98388671875,41.63818359375
20,23,0,17,15,0.98388671875,41.63818359375
20,20,0,17,31,0.9833984375,41.63818359375
20,21,0,17,30,0.9833984375,41.63818359375
20,22,0,17,30,0.9833984375,41.63818359375
20,23,0,17,8,0.9833984375,41.63818359375
20,20,0,17,13,0.98291015625,41.63818359375
20,20,0,17,10,0.982421875,41.63818359375
20,21,0,17,9,0.982421875,41.63818359375
20,22,0,17,17,0.982421875,41.63818359375
20,20,0,17,12,0.98193359375,41.63818359375
20,22,0,17,3,0.98193359375,41.63818359375
20,23,0,17,19,0.98193359375,41.63818359375
20,23,0,17,30,0.98193359375,41.63818359375
20,21,0,17,6,0.9814453125,41.63818359375
20,21,0,17,10,0.9814453125,41.63818359375
20,22,0,17,19,0.9814453125,41.63818359375
20,23,0,17,29,0.9814453125,41.63818359375
20,20,0,17,2,0.98095703125,41.63818359375
20,20,0,17,3,0.98095703125,41.63818359375
20,21,0,17,7,0.98046875,41.63818359375
20,22,0,17,9,0.98046875,41.63818359375
20,23,0,17,31,0.98046875,41.63818359375
20,20,0,17,0,0.97998046875,41.63818359375
20,20,0,17,28,0.97998046875,41.63818359375
20,21,0,17,5,0.97998046875,41.63818359375
20,21,0,17,28,0.97998046875,41.63818359375
20,23,0,17,17,0.97998046875,41.63818359375
20,22,0,17,16,0.9794921875,41.63818359375
20,23,0,17,14,0.9794921875,41.63818359375
20,20,0,17,27,0.97900390625,41.63818359375
20,23,0,17,28,0.97900390625,41.63818359375
20,23,0,17,16,0.978515625,41.63818359375
20,21,0,17,0,0.97802734375,41.63818359375
20,21,0,17,8,0.97802734375,41.63818359375
20,22,0,17,24,0.97802734375,41.63818359375
20,20,0,17,15,0.9775390625,41.63818359375
20,20,0,17,29,0.9775390625,41.63818359375
20,21,0,17,4,0.9775390625,41.63818359375
20,20,0,17,8,0.9765625,41.63818359375
20,23,0,17,6,0.9765625,41.63818359375
20,21,0,17,29,0.9755859375,41.63818359375
20,21,0,17,13,0.97509765625,41.63818359375
20,21,0,17,1,0.97412109375,41.63818359375
20,21,0,17,24,0.97412109375,41.63818359375
20,22,0,17,10,0.97412109375,41.63818359375
20,22,0,17,28,0.9736328125,41.63818359375
20,23,0,17,5,0.9736328125,41.63818359375
20,20,0,17,30,0.97314453125,41.63818359375
20,21,0,17,31,0.97265625,41.63818359375
20,22,0,17,31,0.97265625,41.63818359375
20,20,0,17,1,0.97216796875,41.63818359375
20,22,0,17,12,0.97216796875,41.63818359375
20,20,0,17,14,0.9716796875,41.63818359375
20,22,0,17,29,0.9716796875,41.63818359375
20,23,0,17,22,0.9716796875,41.63818359375
20,23,0,17,27,0.970703125,41.63818359375
20,21,0,17,25,0.97021484375,41.63818359375
22,22,0,14,15,0.99462890625,19.83251953125
22,24,0,14,24,0.9931640625,19.83251953125
22,24,0,14,23,0.9921875,19.83251953125
22,24,0,14,27,0.99169921875,19.83251953125
22,26,0,14,15,0.99169921875,19.83251953125
22,22,0,14,13,0.9912109375,19.83251953125
22,23,0,14,13,0.9912109375,19.83251953125
22,23,0,14,12,0.99072265625,19.83251953125
22,24,0,14,25,0.98974609375,19.83251953125
22,23,0,14,20,0.98876953125,19.83251953125
22,25,0,14,6,0.98828125,19.83251953125
22,27,0,14,5,0.98828125,19.83251953125
22,27,0,14,22,0.98828125,19.83251953125
22,30,0,14,15,0.98828125,19.83251953125
22,25,0,14,5,0.98779296875,19.83251953125
22,27,0,14,6,0.98583984375,19.83251953125
22,22,0,14,1,0.9853515625,19.83251953125
22,27,0,14,4,0.9853515625,19.83251953125
22,27,0,14,7,0.9853515625,19.83251953125
22,23,0,14,25,0.98486328125,19.83251953125
22,22,0,14,0,0.984375,19.83251953125
22,30,0,14,29,0.98291015625,19.83251953125
22,26,0,14,27,0.98095703125,19.83251953125
22,22,0,14,2,0.98046875,19.83251953125
22,30,0,14,30,0.98046875,19.83251953125
22,27,0,14,16,0.97998046875,19.83251953125
22,28,0,14,27,0.97998046875,19.83251953125
22,22,0,14,8,0.9794921875,19.83251953125
22,28,0,14,18,0.9794921875,19.83251953125
22,29,0,14,9,0.9794921875,19.83251953125
22,30,0,14,3,0.9794921875,19.83251953125
22,26,0,14,30,0.97900390625,19.83251953125
22,30,0,14,27,0.9775390625,19.83251953125
22,28,0,14,13,0.97705078125,19.83251953125
22,28,0,14,0,0.9755859375,19.83251953125
22,22,0,14,11,0.97509765625,19.83251953125
22,28,0,14,23,0.974609375,19.83251953125
22,29,0,14,11,0.974609375,19.83251953125
22,22,0,14,27,0.9736328125,19.83251953125
22,30,0,14,26,0.97314453125,19.83251953125
22,30,0,14,24,0.9716796875,19.83251953125
19,19,0,29,31,0.99609375,16.8623046875
19,19,0,29,28,0.99462890625,16.8623046875
19,19,0,29,30,0.994140625,16.8623046875
19,19,0,29,24,0.99169921875,16.8623046875
19,19,0,29,25,0.99169921875,16.8623046875
19,19,0,29,16,0.9892578125,16.8623046875
19,19,0,29,5,0.98876953125,16.8623046875
19,19,0,29,4,0.98828125,16.8623046875
19,19,0,29,21,0.98779296875,16.8623046875
19,19,0,29,26,0.98779296875,16.8623046875
19,19,0,29,27,0.98779296875,16.8623046875
19,19,0,29,6,0.9873046875,16.8623046875
19,19,0,29,22,0.9873046875,16.8623046875
19,19,0,29,11,0.986328125,16.8623046875
19,19,0,29,18,0.986328125,16.8623046875
19,19,0,29,20,0.986328125,16.8623046875
19,19,0,29,1,0.98583984375,16.8623046875
19,19,0,29,23,0.9853515625,16.8623046875
19,19,0,29,17,0.98486328125,16.8623046875
19,19,0,29,7,0.98388671875,16.8623046875
19,19,0,29,10,0.9833984375,16.8623046875
19,19,0,29,19,0.9833984375,16.8623046875
19,19,0,29,8,0.98095703125,16.8623046875
19,19,0,29,15,0.98046875,16.8623046875
19,19,0,29,2,0.97998046875,16.8623046875
19,19,0,29,0,0.9755859375,16.8623046875
19,19,0,29,14,0.9736328125,16.8623046875
19,19,0,29,12,0.97216796875,16.8623046875
18,18,0,1,3,0.99462890625,11.892578125
18,18,0,1,2,0.99072265625,11.892578125
18,18,0,1,13,0.98974609375,11.892578125
18,18,0,1,17,0.98779296875,11.892578125
18,18,0,1,12,0.9853515625,11.892578125
18,18,0,1,21,0.9853515625,11.892578125
18,18,0,1,14,0.98486328125,11.892578125
18,18,0,1,5,0.98388671875,11.892578125
18,18,0,1,6,0.98388671875,11.892578125
18,18,0,1,15,0.98388671875,11.892578125
18,18,0,1,31,0.9833984375,11.892578125
18,18,0,1,30,0.98193359375,11.892578125
18,18,0,1,10,0.98095703125,11.892578125
18,18,0,1,27,0.98095703125,11.892578125
18,18,0,1,29,0.98046875,11.892578125
18,18,0,1,19,0.97998046875,11.892578125
18,18,0,1,11,0.978515625,11.892578125
18,18,0,1,24,0.97802734375,11.892578125
18,18,0,1,7,0.9775390625,11.892578125
18,18,0,1,25,0.97705078125,11.892578125
18,18,0,1,26,0.97705078125,11.892578125
18,18,0,1,28,0.9755859375,11.892578125
18,21,0,1,12,0.9736328125,11.892578125
18,18,0,1,23,0.97314453125,11.892578125
18,18,0,1,0,0.97265625,11.892578125
18,21,0,1,15,0.97265625,11.892578125
18,21,0,1,14,0.97216796875,11.892578125
18,18,0,1,4,0.9716796875,11.892578125
1,1,0,9,2,0.99462890625,7.93115234375
1,2,0,9,6,0.9921875,7.93115234375
1,1,0,9,11,0.99169921875,7.93115234375
1,2,0,9,3,0.9912109375,7.93115234375
1,1,0,9,10,0.99072265625,7.93115234375
1,1,0,9,25,0.990234375,7.93115234375
1,2,0,9,1,0.990234375,7.93115234375
1,1,0,9,8,0.9892578125,7.93115234375
1,1,0,9,19,0.9892578125,7.93115234375
1,2,0,9,29,0.9892578125,7.93115234375
1,2,0,9,5,0.98876953125,7.93115234375
1,3,0,9,19,0.98876953125,7.93115234375
1,2,0,9,24,0.98828125,7.93115234375
1,2,0,9,27,0.98828125,7.93115234375
1,2,0,9,28,0.98828125,7.93115234375
1,4,0,9,26,0.98828125,7.93115234375
1,2,0,9,0,0.98779296875,7.93115234375
1,2,0,9,26,0.98779296875,7.93115234375
1,2,0,9,11,0.9873046875,7.93115234375
1,1,0,9,7,0.98681640625,7.93115234375
1,2,0,9,7,0.98681640625,7.93115234375
1,2,0,9,13,0.98681640625,7.93115234375
1,2,0,9,16,0.98681640625,7.93115234375
1,6,0,9,17,0.98681640625,7.93115234375
1,6,0,9,18,0.98681640625,7.93115234375
1,1,0,9,3,0.986328125,7.93115234375
1,1,0,9,6,0.986328125,7.93115234375
1,2,0,9,4,0.986328125,7.93115234375
1,2,0,9,8,0.986328125,7.93115234375
1,2,0,9,9,0.986328125,7.93115234375
1,2,0,9,10,0.986328125,7.93115234375
1,3,0,9,6,0.986328125,7.93115234375
1,3,0,9,16,0.986328125,7.93115234375
1,4,0,9,25,0.986328125,7.93115234375
1,4,0,9,27,0.986328125,7.93115234375
1,4,0,9,30,0.986328125,7.93115234375
1,7,0,9,0,0.986328125,7.93115234375
1,1,0,9,0,0.98583984375,7.93115234375
1,2,0,9,2,0.98583984375,7.93115234375
1,2,0,9,17,0.98583984375,7.93115234375
1,2,0,9,18,0.98583984375,7.93115234375
1,2,0,9,30,0.98583984375,7.93115234375
1,4,0,9,28,0.98583984375,7.93115234375
1,5,0,9,26,0.98583984375,7.93115234375
1,9,0,9,9,0.98583984375,7.93115234375
1,16,0,9,14,0.98583984375,7.93115234375
1,1,0,9,1,0.9853515625,7.93115234375
1,1,0,9,14,0.9853515625,7.93115234375
1,1,0,9,26,0.9853515625,7.93115234375
1,1,0,9,27,0.9853515625,7.93115234375
1,1,0,9,31,0.9853515625,7.93115234375
1,2,0,9,31,0.9853515625,7.93115234375
1,3,0,9,9,0.9853515625,7.93115234375
1,4,0,9,10,0.9853515625,7.93115234375
1,5,0,9,12,0.9853515625,7.93115234375
1,5,0,9,15,0.9853515625,7.93115234375
1,6,0,9,3,0.9853515625,7.93115234375
1,9,0,9,8,0.9853515625,7.93115234375
1,9,0,9,10,0.9853515625,7.93115234375
1,16,0,9,12,0.9853515625,7.93115234375
1,1,0,9,17,0.98486328125,7.93115234375
1,1,0,9,24,0.98486328125,7.93115234375
1,2,0,9,25,0.98486328125,7.93115234375
1,4,0,9,29,0.98486328125,7.93115234375
1,17,0,9,10,0.98486328125,7.93115234375
1,2,0,9,19,0.984375,7.93115234375
1,3,0,9,7,0.984375,7.93115234375
1,3,0,9,25,0.984375,7.93115234375
1,3,0,9,28,0.984375,7.93115234375
1,4,0,9,11,0.984375,7.93115234375
1,4,0,9,13,0.984375,7.93115234375
1,4,0,9,18,0.984375,7.93115234375
1,4,0,9,24,0.984375,7.93115234375
1,5,0,9,30,0.984375,7.93115234375
1,8,0,9,23,0.984375,7.93115234375
1,9,0,9,6,0.984375,7.93115234375
1,16,0,9,13,0.984375,7.93115234375
1,16,0,9,15,0.984375,7.93115234375
1,1,0,9,4,0.98388671875,7.93115234375
1,1,0,9,22,0.98388671875,7.93115234375
1,2,0,9,12,0.98388671875,7.93115234375
1,3,0,9,29,0.98388671875,7.93115234375
1,3,0,9,31,0.98388671875,7.93115234375
1,4,0,9,21,0.98388671875,7.93115234375
1,6,0,9,19,0.98388671875,7.93115234375
1,8,0,9,20,0.98388671875,7.93115234375
1,9,0,9,5,0.98388671875,7.93115234375
1,1,0,9,5,0.9833984375,7.93115234375
1,1,0,9,21,0.9833984375,7.93115234375
1,2,0,9,23,0.9833984375,7.93115234375
1,3,0,9,4,0.9833984375,7.93115234375
1,3,0,9,5,0.9833984375,7.93115234375
1,3,0,9,10,0.9833984375,7.93115234375
1,3,0,9,18,0.9833984375,7.93115234375
1,4,0,9,0,0.9833984375,7.93115234375
1,5,0,9,0,0.9833984375,7.93115234375
1,5,0,9,14,0.9833984375,7.93115234375
1,5,0,9,23,0.9833984375,7.93115234375
1,5,0,9,29,0.9833984375,7.93115234375
1,13,0,9,28,0.9833984375,7.93115234375
1,15,0,9,18,0.9833984375,7.93115234375
1,16,0,9,22,0.9833984375,7.93115234375
1,17,0,9,19,0.9833984375,7.93115234375
1,3,0,9,1,0.98291015625,7.93115234375
1,3,0,9,8,0.98291015625,7.93115234375
1,3,0,9,14,0.98291015625,7.93115234375
1,3,0,9,17,0.98291015625,7.93115234375
1,4,0,9,3,0.98291015625,7.93115234375
1,6,0,9,27,0.98291015625,7.93115234375
1,17,0,9,9,0.98291015625,7.93115234375
1,3,0,9,23,0.982421875,7.93115234375
1,3,0,9,30,0.982421875,7.93115234375
1,4,0,9,17,0.982421875,7.93115234375
1,5,0,9,28,0.982421875,7.93115234375
1,6,0,9,0,0.982421875,7.93115234375
1,6,0,9,2,0.982421875,7.93115234375
1,6,0,9,11,0.982421875,7.93115234375
1,6,0,9,16,0.982421875,7.93115234375
1,8,0,9,5,0.982421875,7.93115234375
1,8,0,9,21,0.982421875,7.93115234375
1,8,0,9,22,0.982421875,7.93115234375
1,12,0,9,20,0.982421875,7.93115234375
1,1,0,9,15,0.98193359375,7.93115234375
1,1,0,9,16,0.98193359375,7.93115234375
1,4,0,9,5,0.98193359375,7.93115234375
1,5,0,9,2,0.98193359375,7.93115234375
1,5,0,9,20,0.98193359375,7.93115234375
1,5,0,9,21,0.98193359375,7.93115234375
1,6,0,9,12,0.98193359375,7.93115234375
1,7,0,9,1,0.98193359375,7.93115234375
1,7,0,9,2,0.98193359375,7.93115234375
1,8,0,9,6,0.98193359375,7.93115234375
1,9,0,9,11,0.98193359375,7.93115234375
1,16,0,9,31,0.98193359375,7.93115234375
1,17,0,9,12,0.98193359375,7.93115234375
1,17,0,9,14,0.98193359375,7.93115234375
1,2,0,9,15,0.9814453125,7.93115234375
1,3,0,9,26,0.9814453125,7.93115234375
1,3,0,9,27,0.9814453125,7.93115234375
1,4,0,9,14,0.9814453125,7.93115234375
1,4,0,9,15,0.9814453125,7.93115234375
1,5,0,9,13,0.9814453125,7.93115234375
1,6,0,9,10,0.9814453125,7.93115234375
1,12,0,9,18,0.9814453125,7.93115234375
1,14,0,9,8,0.9814453125,7.93115234375
1,16,0,9,5,0.9814453125,7.93115234375
1,16,0,9,29,0.9814453125,7.93115234375
1,17,0,9,8,0.9814453125,7.93115234375
1,17,0,9,16,0.9814453125,7.93115234375
1,1,0,9,29,0.98095703125,7.93115234375
1,1,0,9,30,0.98095703125,7.93115234375
1,2,0,9,14,0.98095703125,7.93115234375
1,5,0,9,31,0.98095703125,7.93115234375
1,8,0,9,4,0.98095703125,7.93115234375
1,10,0,9,10,0.98095703125,7.93115234375
1,10,0,9,11,0.98095703125,7.93115234375
1,15,0,9,0,0.98095703125,7.93115234375
1,17,0,9,11,0.98095703125,7.93115234375
1,17,0,9,18,0.98095703125,7.93115234375
1,3,0,9,3,0.98046875,7.93115234375
1,3,0,9,11,0.98046875,7.93115234375
1,3,0,9,13,0.98046875,7.93115234375
1,6,0,9,8,0.98046875,7.93115234375
1,6,0,9,13,0.98046875,7.93115234375
1,7,0,9,29,0.98046875,7.93115234375
1,7,0,9,31,0.98046875,7.93115234375
1,9,0,9,4,0.98046875,7.93115234375
1,10,0,9,4,0.98046875,7.93115234375
1,12,0,9,17,0.98046875,7.93115234375
1,12,0,9,22,0.98046875,7.93115234375
1,14,0,9,10,0.98046875,7.93115234375
1,16,0,9,16,0.98046875,7.93115234375
1,16,0,9,18,0.98046875,7.93115234375
1,16,0,9,28,0.98046875,7.93115234375
1,4,0,9,9,0.97998046875,7.93115234375
1,4,0,9,22,0.97998046875,7.93115234375
1,5,0,9,3,0.97998046875,7.93115234375
1,6,0,9,1,0.97998046875,7.93115234375
1,6,0,9,14,0.97998046875,7.93115234375
1,10,0,9,15,0.97998046875,7.93115234375
1,11,0,9,16,0.97998046875,7.93115234375
1,12,0,9,16,0.97998046875,7.93115234375
1,14,0,9,9,0.97998046875,7.93115234375
1,15,0,9,19,0.97998046875,7.93115234375
1,15,0,9,31,0.97998046875,7.93115234375
1,16,0,9,30,0.97998046875,7.93115234375
1,1,0,9,12,0.9794921875,7.93115234375
1,4,0,9,19,0.9794921875,7.93115234375
1,4,0,9,31,0.9794921875,7.93115234375
1,5,0,9,19,0.9794921875,7.93115234375
1,6,0,9,5,0.9794921875,7.93115234375
1,6,0,9,15,0.9794921875,7.93115234375
1,7,0,9,28,0.9794921875,7.93115234375
1,7,0,9,30,0.9794921875,7.93115234375
1,13,0,9,25,0.9794921875,7.93115234375
1,14,0,9,11,0.9794921875,7.93115234375
1,16,0,9,3,0.9794921875,7.93115234375
1,17,0,9,17,0.9794921875,7.93115234375
1,1,0,9,23,0.97900390625,7.93115234375
1,3,0,9,15,0.97900390625,7.93115234375
1,3,0,9,21,0.97900390625,7.93115234375
1,4,0,9,2,0.97900390625,7.93115234375
1,4,0,9,4,0.97900390625,7.93115234375
1,5,0,9,24,0.97900390625,7.93115234375
1,2,0,9,22,0.978515625,7.93115234375
1,3,0,9,20,0.978515625,7.93115234375
1,5,0,9,25,0.978515625,7.93115234375
1,6,0,9,26,0.978515625,7.93115234375
1,7,0,9,4,0.978515625,7.93115234375
1,12,0,9,29,0.978515625,7.93115234375
1,12,0,9,30,0.978515625,7.93115234375
1,13,0,9,29,0.978515625,7.93115234375
1,15,0,9,10,0.978515625,7.93115234375
1,17,0,9,1,0.978515625,7.93115234375
1,17,0,9,15,0.978515625,7.93115234375
1,2,0,9,20,0.97802734375,7.93115234375
1,4,0,9,7,0.97802734375,7.93115234375
1,6,0,9,25,0.97802734375,7.93115234375
1,9,0,9,7,0.97802734375,7.93115234375
1,10,0,9,9,0.97802734375,7.93115234375
1,11,0,9,19,0.97802734375,7.93115234375
1,12,0,9,19,0.97802734375,7.93115234375
1,1,0,9,20,0.9775390625,7.93115234375
1,3,0,9,24,0.9775390625,7.93115234375
1,5,0,9,27,0.9775390625,7.93115234375
1,9,0,9,26,0.9775390625,7.93115234375
1,13,0,9,24,0.9775390625,7.93115234375
1,15,0,9,7,0.9775390625,7.93115234375
1,15,0,9,28,0.9775390625,7.93115234375
1,17,0,9,6,0.9775390625,7.93115234375
1,17,0,9,13,0.9775390625,7.93115234375
1,3,0,9,22,0.97705078125,7.93115234375
1,4,0,9,20,0.97705078125,7.93115234375
1,6,0,9,23,0.97705078125,7.93115234375
1,7,0,9,11,0.97705078125,7.93115234375
1,12,0,9,23,0.97705078125,7.93115234375
1,15,0,9,6,0.97705078125,7.93115234375
1,16,0,9,21,0.97705078125,7.93115234375
1,6,0,9,30,0.9765625,7.93115234375
1,7,0,9,14,0.9765625,7.93115234375
1,11,0,9,17,0.9765625,7.93115234375
1,11,0,9,29,0.9765625,7.93115234375
1,12,0,9,13,0.9765625,7.93115234375
1,12,0,9,28,0.9765625,7.93115234375
1,14,0,9,27,0.9765625,7.93115234375
1,15,0,9,16,0.9765625,7.93115234375
1,16,0,9,2,0.9765625,7.93115234375
1,16,0,9,17,0.9765625,7.93115234375
1,17,0,9,2,0.9765625,7.93115234375
1,17,0,9,22,0.9765625,7.93115234375
1,3,0,9,12,0.97607421875,7.93115234375
1,6,0,9,24,0.97607421875,7.93115234375
1,7,0,9,12,0.97607421875,7.93115234375
1,7,0,9,20,0.97607421875,7.93115234375
1,12,0,9,31,0.97607421875,7.93115234375
1,17,0,9,5,0.97607421875,7.93115234375
1,1,0,9,13,0.9755859375,7.93115234375
1,1,0,9,18,0.9755859375,7.93115234375
1,3,0,9,2,0.9755859375,7.93115234375
1,7,0,9,9,0.9755859375,7.93115234375
1,8,0,9,16,0.9755859375,7.93115234375
1,9,0,9,24,0.9755859375,7.93115234375
1,10,0,9,8,0.9755859375,7.93115234375
1,10,0,9,12,0.9755859375,7.93115234375
1,11,0,9,18,0.9755859375,7.93115234375
1,4,0,9,8,0.97509765625,7.93115234375
1,4,0,9,23,0.97509765625,7.93115234375
1,5,0,9,1,0.97509765625,7.93115234375
1,7,0,9,5,0.97509765625,7.93115234375
1,10,0,9,6,0.97509765625,7.93115234375
1,7,0,9,8,0.974609375,7.93115234375
1,8,0,9,13,0.974609375,7.93115234375
1,15,0,9,9,0.974609375,7.93115234375
1,12,0,9,21,0.97412109375,7.93115234375
1,17,0,9,4,0.97412109375,7.93115234375
1,4,0,9,12,0.9736328125,7.93115234375
1,4,0,9,16,0.9736328125,7.93115234375
1,5,0,9,22,0.9736328125,7.93115234375
1,10,0,9,5,0.9736328125,7.93115234375
1,14,0,9,16,0.9736328125,7.93115234375
1,14,0,9,26,0.9736328125,7.93115234375
1,17,0,9,7,0.9736328125,7.93115234375
1,1,0,9,28,0.97314453125,7.93115234375
