1,29,692.59619140625,2,5,0.98876953125,655.6220703125
1,29,687.73486328125,2,7,0.98876953125,655.6220703125
1,31,675.36083984375,2,4,0.990234375,655.6220703125
1,28,669.1279296875,2,2,0.98486328125,655.6220703125
1,29,667.89697265625,2,4,0.98779296875,655.6220703125
1,29,666.267578125,2,6,0.98876953125,655.6220703125
1,29,660.46435546875,2,17,0.98876953125,655.6220703125
1,31,659.4814453125,2,13,0.98193359375,655.6220703125
1,30,656.41455078125,2,7,0.986328125,655.6220703125
1,31,654.01708984375,2,8,0.990234375,655.6220703125
1,29,650.705078125,2,13,0.98681640625,655.6220703125
1,29,647.9560546875,2,15,0.98779296875,655.6220703125
1,30,647.5908203125,2,4,0.986328125,655.6220703125
1,27,646.89111328125,2,26,0.98681640625,655.6220703125
1,28,644.705078125,2,1,0.986328125,655.6220703125
1,27,637.10595703125,2,27,0.9873046875,655.6220703125
1,29,634.17822265625,2,1,0.98681640625,655.6220703125
1,31,630.99462890625,2,10,0.9892578125,655.6220703125
1,30,629.86865234375,2,5,0.9853515625,655.6220703125
1,31,629.67529296875,2,31,0.982421875,655.6220703125
1,31,627.896484375,2,17,0.98583984375,655.6220703125
1,29,626.08837890625,2,12,0.986328125,655.6220703125
1,29,625.58984375,2,14,0.9853515625,655.6220703125
1,29,623.7294921875,2,19,0.98828125,655.6220703125
1,31,618.89404296875,2,9,0.98828125,655.6220703125
1,27,616.14697265625,2,31,0.98828125,655.6220703125
1,27,612.1875,2,30,0.98779296875,655.6220703125
1,28,610.53271484375,2,19,0.982421875,655.6220703125
1,28,609.3330078125,2,12,0.984375,655.6220703125
1,26,607.53271484375,2,25,0.986328125,655.6220703125
1,29,606.4423828125,2,30,0.97998046875,655.6220703125
1,30,604.52001953125,2,8,0.98095703125,655.6220703125
1,28,604.091796875,2,28,0.98486328125,655.6220703125
1,29,602.0244140625,2,18,0.98876953125,655.6220703125
1,27,601.734375,2,24,0.98828125,655.6220703125
1,31,598.6279296875,2,2,0.98583984375,655.6220703125
1,28,598.34912109375,2,3,0.982421875,655.6220703125
1,31,596.45947265625,2,15,0.9833984375,655.6220703125
1,31,595.1298828125,2,27,0.98681640625,655.6220703125
1,27,592.6376953125,2,25,0.9873046875,655.6220703125
1,31,592.55322265625,2,11,0.98486328125,655.6220703125
1,26,592.25634765625,2,24,0.98291015625,655.6220703125
1,26,588.1689453125,2,26,0.98193359375,655.6220703125
1,27,583.92041015625,2,0,0.9853515625,655.6220703125
1,31,582.72119140625,2,5,0.98583984375,655.6220703125
1,28,581.82470703125,2,16,0.98193359375,655.6220703125
1,29,581.5771484375,2,3,0.9853515625,655.6220703125
1,29,580.55078125,2,16,0.9853515625,655.6220703125
1,28,580.53955078125,2,14,0.9833984375,655.6220703125
1,31,578.91064453125,2,22,0.9814453125,655.6220703125
1,27,578.099609375,2,2,0.9853515625,655.6220703125
1,28,576.603515625,2,17,0.98193359375,655.6220703125
1,28,575.841796875,2,29,0.98291015625,655.6220703125
1,26,575.82861328125,2,5,0.9873046875,655.6220703125
1,29,573.63330078125,2,29,0.9833984375,655.6220703125
1,30,572.55517578125,2,28,0.98291015625,655.6220703125
1,27,571.82275390625,2,3,0.984375,655.6220703125
1,25,570.98681640625,2,2,0.98828125,655.6220703125
1,31,566.70458984375,2,19,0.984375,655.6220703125
1,31,564.611328125,2,1,0.98291015625,655.6220703125
1,30,563.005859375,2,23,0.9833984375,655.6220703125
1,24,563.00537109375,2,6,0.9892578125,655.6220703125
1,26,560.822265625,2,20,0.986328125,655.6220703125
1,26,557.8857421875,2,16,0.98486328125,655.6220703125
1,25,555.6689453125,2,16,0.9814453125,655.6220703125
1,25,551.85302734375,2,25,0.98681640625,655.6220703125
1,27,550.75439453125,2,12,0.986328125,655.6220703125
1,25,550.41796875,2,27,0.984375,655.6220703125
1,31,549.45361328125,2,26,0.9833984375,655.6220703125
1,25,548.6982421875,2,26,0.98583984375,655.6220703125
1,24,545.345703125,2,4,0.9892578125,655.6220703125
1,31,544.56591796875,2,3,0.9814453125,655.6220703125
1,24,542.8671875,2,5,0.98828125,655.6220703125
1,31,541.3740234375,2,12,0.97900390625,655.6220703125
1,28,540.32568359375,2,4,0.98779296875,655.6220703125
1,28,540.12890625,2,11,0.98388671875,655.6220703125
1,31,539.8193359375,2,6,0.98193359375,655.6220703125
1,23,539.21923828125,2,26,0.982421875,655.6220703125
1,29,539.08984375,2,0,0.98388671875,655.6220703125
1,30,538.71044921875,2,16,0.9814453125,655.6220703125
1,24,538.29052734375,2,0,0.98291015625,655.6220703125
1,25,538.28173828125,2,3,0.98828125,655.6220703125
1,29,537.74365234375,2,10,0.9794921875,655.6220703125
1,28,537.37255859375,2,25,0.98388671875,655.6220703125
1,31,536.99365234375,2,29,0.97998046875,655.6220703125
1,27,534.037109375,2,18,0.98046875,655.6220703125
1,28,534.0087890625,2,6,0.9873046875,655.6220703125
1,27,533.62109375,2,1,0.9833984375,655.6220703125
1,24,531.21923828125,2,11,0.98779296875,655.6220703125
1,30,526.9013671875,2,0,0.97802734375,655.6220703125
1,26,526.326171875,2,7,0.9853515625,655.6220703125
1,27,523.63037109375,2,13,0.9853515625,655.6220703125
1,29,522.6640625,2,2,0.9814453125,655.6220703125
1,29,520.91796875,2,28,0.9755859375,655.6220703125
1,24,519.6376953125,2,14,0.98876953125,655.6220703125
1,23,517.61181640625,2,11,0.98193359375,655.6220703125
1,25,516.615234375,2,10,0.98779296875,655.6220703125
1,27,516.52587890625,2,19,0.98046875,655.6220703125
1,26,516.328125,2,4,0.98486328125,655.6220703125
1,31,516.205078125,2,24,0.98291015625,655.6220703125
1,30,512.2353515625,2,22,0.98046875,655.6220703125
1,31,510.9970703125,2,0,0.97998046875,655.6220703125
1,29,510.62548828125,2,25,0.9833984375,655.6220703125
1,25,510.4296875,2,0,0.9892578125,655.6220703125
1,22,509.486328125,2,26,0.98388671875,655.6220703125
1,22,508.03662109375,2,23,0.98681640625,655.6220703125
1,26,507.33349609375,2,1,0.98193359375,655.6220703125
1,23,506.71826171875,2,10,0.98388671875,655.6220703125
1,28,506.66357421875,2,31,0.9814453125,655.6220703125
1,24,506.41015625,2,7,0.9873046875,655.6220703125
1,28,505.84814453125,2,22,0.9794921875,655.6220703125
1,24,505.67138671875,2,2,0.98193359375,655.6220703125
1,24,504.59375,2,19,0.9833984375,655.6220703125
1,31,504.34912109375,2,18,0.9833984375,655.6220703125
1,23,503.96533203125,2,4,0.98681640625,655.6220703125
1,26,503.146484375,2,9,0.98291015625,655.6220703125
1,24,502.50341796875,2,10,0.98583984375,655.6220703125
1,22,501.7626953125,2,25,0.98291015625,655.6220703125
1,28,499.97314453125,2,8,0.984375,655.6220703125
1,23,499.0009765625,2,23,0.9833984375,655.6220703125
1,27,497.32568359375,2,17,0.9814453125,655.6220703125
1,28,497.21923828125,2,7,0.984375,655.6220703125
1,25,496.69189453125,2,24,0.984375,655.6220703125
1,31,496.48974609375,2,28,0.9775390625,655.6220703125
1,24,495.6669921875,2,9,0.986328125,655.6220703125
1,23,494.84423828125,2,1,0.98828125,655.6220703125
1,30,492.7607421875,2,20,0.97998046875,655.6220703125
1,25,492.48828125,2,9,0.9853515625,655.6220703125
1,27,490.48974609375,2,29,0.98583984375,655.6220703125
1,23,489.86376953125,2,3,0.98876953125,655.6220703125
1,25,489.85302734375,2,19,0.9814453125,655.6220703125
1,23,489.828125,2,21,0.9833984375,655.6220703125
1,22,488.515625,2,21,0.9873046875,655.6220703125
1,26,487.29248046875,2,8,0.98388671875,655.6220703125
1,30,483.52490234375,2,6,0.97705078125,655.6220703125
1,27,482.39794921875,2,15,0.98388671875,655.6220703125
1,25,481.5986328125,2,8,0.9853515625,655.6220703125
1,27,481.33984375,2,9,0.984375,655.6220703125
1,26,480.986328125,2,17,0.9814453125,655.6220703125
1,26,479.33349609375,2,11,0.9814453125,655.6220703125
1,30,477.5048828125,2,10,0.9775390625,655.6220703125
1,25,474.4296875,2,30,0.98828125,655.6220703125
1,23,474.10986328125,2,24,0.98095703125,655.6220703125
1,27,473.18505859375,2,11,0.9833984375,655.6220703125
1,25,472.85595703125,2,1,0.986328125,655.6220703125
1,22,472.5966796875,2,20,0.9873046875,655.6220703125
1,22,471.66357421875,2,22,0.986328125,655.6220703125
1,27,469.1220703125,2,14,0.9814453125,655.6220703125
1,24,469.005859375,2,8,0.984375,655.6220703125
1,22,467.080078125,2,18,0.98583984375,655.6220703125
1,23,466.93017578125,2,2,0.986328125,655.6220703125
1,28,464.3017578125,2,5,0.982421875,655.6220703125
1,25,458.45751953125,2,31,0.9873046875,655.6220703125
1,29,457.998046875,2,24,0.98095703125,655.6220703125
1,21,455.72021484375,2,17,0.9873046875,655.6220703125
1,29,455.244140625,2,23,0.98046875,655.6220703125
1,24,454.44970703125,2,1,0.978515625,655.6220703125
1,22,454.36181640625,2,4,0.98779296875,655.6220703125
1,25,453.3701171875,2,28,0.98583984375,655.6220703125
1,22,453.2880859375,2,5,0.98681640625,655.6220703125
1,26,449.53125,2,18,0.982421875,655.6220703125
1,23,449.31298828125,2,0,0.98583984375,655.6220703125
1,22,447.48681640625,2,3,0.984375,655.6220703125
1,30,447.224609375,2,19,0.97705078125,655.6220703125
1,23,445.89013671875,2,7,0.982421875,655.6220703125
1,24,445.4970703125,2,12,0.98583984375,655.6220703125
1,21,444.8818359375,2,16,0.9873046875,655.6220703125
1,27,444.5595703125,2,10,0.982421875,655.6220703125
1,24,444.53271484375,2,21,0.982421875,655.6220703125
1,27,443.56103515625,2,28,0.98046875,655.6220703125
1,25,443.24267578125,2,11,0.98291015625,655.6220703125
1,21,442.69287109375,2,18,0.98681640625,655.6220703125
1,26,441.7841796875,2,6,0.98291015625,655.6220703125
1,21,440.734375,2,27,0.9814453125,655.6220703125
1,23,439.71142578125,2,15,0.982421875,655.6220703125
1,29,439.27783203125,2,27,0.98046875,655.6220703125
1,22,438.4072265625,2,6,0.9873046875,655.6220703125
1,26,437.61669921875,2,22,0.97998046875,655.6220703125
1,22,435.91748046875,2,30,0.9814453125,655.6220703125
1,20,435.1455078125,2,11,0.9833984375,655.6220703125
1,24,434.3515625,2,13,0.98388671875,655.6220703125
1,22,432.7373046875,2,9,0.978515625,655.6220703125
1,25,432.34423828125,2,29,0.98388671875,655.6220703125
1,24,431.58642578125,2,31,0.9873046875,655.6220703125
1,24,430.57666015625,2,15,0.98486328125,655.6220703125
1,26,430.25439453125,2,28,0.97900390625,655.6220703125
1,20,429.4423828125,2,19,0.98974609375,655.6220703125
1,19,428.015625,2,25,0.98583984375,655.6220703125
1,20,427.9248046875,2,16,0.98876953125,655.6220703125
1,28,427.376953125,2,9,0.97900390625,655.6220703125
1,25,422.68994140625,2,21,0.986328125,655.6220703125
1,19,422.4345703125,2,24,0.9892578125,655.6220703125
1,19,421.5185546875,2,29,0.98876953125,655.6220703125
1,31,421.49560546875,2,25,0.9794921875,655.6220703125
1,20,421.43212890625,2,17,0.98974609375,655.6220703125
1,21,420.79638671875,2,23,0.98876953125,655.6220703125
1,23,419.11572265625,2,9,0.9775390625,655.6220703125
1,18,415.6796875,2,17,0.98486328125,655.6220703125
1,27,414.6796875,2,8,0.9775390625,655.6220703125
1,22,414.0625,2,7,0.986328125,655.6220703125
1,18,413.6591796875,2,31,0.9853515625,655.6220703125
1,19,413.6142578125,2,11,0.98388671875,655.6220703125
1,21,413.201171875,2,3,0.98291015625,655.6220703125
1,23,412.21875,2,18,0.984375,655.6220703125
1,20,411.5634765625,2,18,0.98876953125,655.6220703125
1,19,409.5205078125,2,28,0.98681640625,655.6220703125
1,19,407.73193359375,2,31,0.9873046875,655.6220703125
1,19,407.552734375,2,22,0.982421875,655.6220703125
1,19,407.54638671875,2,23,0.9814453125,655.6220703125
1,18,406.74755859375,2,3,0.986328125,655.6220703125
1,19,406.509765625,2,20,0.98095703125,655.6220703125
1,19,403.73388671875,2,27,0.98291015625,655.6220703125
1,21,396.94677734375,2,19,0.9814453125,655.6220703125
1,31,396.0556640625,2,16,0.9794921875,655.6220703125
1,28,396.0078125,2,10,0.9755859375,655.6220703125
1,30,395.19482421875,2,31,0.97802734375,655.6220703125
1,23,394.6650390625,2,19,0.982421875,655.6220703125
1,30,393.44677734375,2,13,0.9736328125,655.6220703125
1,19,392.91064453125,2,1,0.9853515625,655.6220703125
1,28,392.2294921875,2,21,0.97607421875,655.6220703125
1,26,391.26416015625,2,2,0.97900390625,655.6220703125
1,21,390.8896484375,2,20,0.986328125,655.6220703125
1,26,388.2646484375,2,23,0.97705078125,655.6220703125
1,19,387.77099609375,2,30,0.9853515625,655.6220703125
1,20,387.7451171875,2,31,0.98193359375,655.6220703125
1,26,387.7236328125,2,10,0.9775390625,655.6220703125
1,19,387.22265625,2,21,0.9833984375,655.6220703125
1,18,386.82373046875,2,30,0.9833984375,655.6220703125
1,26,386.404296875,2,21,0.9775390625,655.6220703125
1,20,384.5615234375,2,22,0.98486328125,655.6220703125
1,31,382.16552734375,2,7,0.974609375,655.6220703125
1,30,379.82080078125,2,17,0.97705078125,655.6220703125
1,27,378.68701171875,2,21,0.9775390625,655.6220703125
2,29,376.609375,6,31,0.97021484375,635.41650390625
1,28,375.62841796875,2,15,0.97509765625,655.6220703125
1,19,373.84619140625,2,16,0.9853515625,655.6220703125
1,23,372.98828125,2,8,0.9755859375,655.6220703125
1,23,372.9306640625,2,17,0.98046875,655.6220703125
1,17,371.46875,2,14,0.984375,655.6220703125
1,22,371.2001953125,2,17,0.98095703125,655.6220703125
1,24,371.123046875,2,29,0.98291015625,655.6220703125
1,16,370.7548828125,2,16,0.982421875,655.6220703125
1,18,370.51708984375,2,5,0.98583984375,655.6220703125
1,18,369.43701171875,2,1,0.9853515625,655.6220703125
1,19,368.86083984375,2,4,0.98779296875,655.6220703125
1,19,368.4130859375,2,5,0.9892578125,655.6220703125
1,18,368.03662109375,2,13,0.9814453125,655.6220703125
1,18,366.38916015625,2,29,0.98193359375,655.6220703125
1,24,365.3603515625,2,30,0.9833984375,655.6220703125
1,17,365.31689453125,2,1,0.97998046875,655.6220703125
1,17,360.978515625,2,12,0.98388671875,655.6220703125
1,17,360.24365234375,2,6,0.98046875,655.6220703125
1,22,359.259765625,2,19,0.97900390625,655.6220703125
2,31,359.16748046875,6,20,0.970703125,635.41650390625
1,20,358.94189453125,2,21,0.98486328125,655.6220703125
1,28,358.16552734375,2,24,0.9794921875,655.6220703125
1,24,356.68359375,2,3,0.97314453125,655.6220703125
1,24,355.21240234375,2,28,0.9814453125,655.6220703125
1,20,354.9208984375,2,5,0.98583984375,655.6220703125
1,16,354.7041015625,2,18,0.98193359375,655.6220703125
1,20,351.40771484375,2,0,0.97705078125,655.6220703125
1,20,349.845703125,2,6,0.984375,655.6220703125
1,23,348.49853515625,2,30,0.9814453125,655.6220703125
1,21,347.43701171875,2,9,0.97998046875,655.6220703125
1,16,346.64306640625,2,3,0.982421875,655.6220703125
1,19,346.52001953125,2,26,0.984375,655.6220703125
1,19,345.3896484375,2,6,0.98681640625,655.6220703125
1,15,344.16455078125,2,18,0.9853515625,655.6220703125
1,21,342.72802734375,2,21,0.98291015625,655.6220703125
1,18,341.640625,2,27,0.97998046875,655.6220703125
1,23,341.58740234375,2,29,0.9814453125,655.6220703125
1,20,341.2109375,2,4,0.9853515625,655.6220703125
1,23,338.533203125,2,16,0.98046875,655.6220703125
1,17,338.0537109375,2,15,0.97998046875,655.6220703125
1,19,338.04345703125,2,10,0.9794921875,655.6220703125
1,18,336.9619140625,2,6,0.98828125,655.6220703125
1,17,336.95166015625,2,2,0.978515625,655.6220703125
1,20,335.98828125,2,10,0.9755859375,655.6220703125
1,18,334.00048828125,2,21,0.98095703125,655.6220703125
1,16,331.1181640625,2,17,0.978515625,655.6220703125
1,20,330.88037109375,2,28,0.978515625,655.6220703125
1,31,325.7119140625,2,30,0.970703125,655.6220703125
1,22,324.8740234375,2,16,0.97802734375,655.6220703125
1,19,323.15869140625,2,18,0.982421875,655.6220703125
1,20,322.4111328125,2,7,0.984375,655.6220703125
1,16,322.23828125,2,5,0.98193359375,655.6220703125
1,19,320.7900390625,2,7,0.98388671875,655.6220703125
1,23,320.013671875,2,31,0.98046875,655.6220703125
1,25,318.3671875,2,17,0.97119140625,655.6220703125
1,17,317.212890625,2,13,0.97900390625,655.6220703125
1,21,316.18212890625,2,10,0.9794921875,655.6220703125
1,23,314.955078125,2,28,0.97900390625,655.6220703125
1,21,313.43896484375,2,6,0.9833984375,655.6220703125
15,30,312.7353515625,10,14,0.97314453125,460.08642578125
1,20,312.6171875,2,13,0.9794921875,655.6220703125
1,18,310.3486328125,2,10,0.978515625,655.6220703125
1,21,309.4990234375,2,30,0.98095703125,655.6220703125
1,17,309.28271484375,2,5,0.97802734375,655.6220703125
1,17,307.88134765625,2,10,0.986328125,655.6220703125
1,20,306.81591796875,2,12,0.97802734375,655.6220703125
1,21,303.30615234375,2,0,0.9765625,655.6220703125
1,28,303.111328125,2,30,0.97265625,655.6220703125
1,16,301.61962890625,2,12,0.986328125,655.6220703125
1,16,301.6171875,2,14,0.986328125,655.6220703125
1,17,301.59326171875,2,22,0.98046875,655.6220703125
1,16,299.4228515625,2,13,0.98583984375,655.6220703125
1,17,298.79296875,2,18,0.98291015625,655.6220703125
1,16,296.4521484375,2,15,0.98583984375,655.6220703125
1,25,293.56201171875,2,23,0.9794921875,655.6220703125
1,17,292.84521484375,2,9,0.986328125,655.6220703125
1,14,291.796875,2,27,0.97802734375,655.6220703125
1,21,289.8798828125,2,22,0.98388671875,655.6220703125
1,19,288.70068359375,2,8,0.9755859375,655.6220703125
1,21,287.85400390625,2,7,0.98193359375,655.6220703125
1,17,285.8310546875,2,16,0.98486328125,655.6220703125
1,20,285.6884765625,2,29,0.9755859375,655.6220703125
1,17,285.28662109375,2,19,0.98681640625,655.6220703125
1,20,283.04443359375,2,3,0.97802734375,655.6220703125
1,26,282.81103515625,2,19,0.9716796875,655.6220703125
1,12,282.60791015625,2,22,0.982421875,655.6220703125
1,13,282.185546875,2,25,0.9814453125,655.6220703125
1,22,281.95556640625,2,24,0.9716796875,655.6220703125
1,15,281.95361328125,2,16,0.978515625,655.6220703125
1,18,279.22998046875,2,7,0.9833984375,655.6220703125
1,12,278.71337890625,2,20,0.984375,655.6220703125
1,20,275.80859375,2,8,0.97412109375,655.6220703125
1,23,275.62158203125,2,14,0.97705078125,655.6220703125
1,16,275.55712890625,2,28,0.98046875,655.6220703125
1,26,275.22509765625,2,0,0.97607421875,655.6220703125
1,15,272.39111328125,2,19,0.982421875,655.6220703125
1,20,272.3671875,2,27,0.97900390625,655.6220703125
1,21,272.15234375,2,5,0.98095703125,655.6220703125
1,19,272.0947265625,2,17,0.978515625,655.6220703125
16,30,271.48974609375,2,21,0.978515625,453.416015625
1,20,271.3994140625,2,2,0.9794921875,655.6220703125
1,12,270.5908203125,2,30,0.97802734375,655.6220703125
1,15,270.38818359375,2,7,0.9775390625,655.6220703125
1,15,270.361328125,2,6,0.9775390625,655.6220703125
1,17,270.27978515625,2,7,0.97607421875,655.6220703125
1,12,269.669921875,2,29,0.97802734375,655.6220703125
15,30,268.81298828125,10,9,0.9736328125,460.08642578125
1,14,266.8359375,2,10,0.98095703125,655.6220703125
1,17,264.1953125,2,4,0.9765625,655.6220703125
1,16,263.00927734375,2,31,0.98095703125,655.6220703125
1,18,260.35107421875,2,24,0.97607421875,655.6220703125
1,16,260.0322265625,2,22,0.98388671875,655.6220703125
1,31,259.865234375,2,23,0.97314453125,655.6220703125
1,29,259.6201171875,2,22,0.97314453125,655.6220703125
1,18,258.58056640625,2,2,0.9765625,655.6220703125
16,30,256.9619140625,2,12,0.978515625,453.416015625
1,15,256.61865234375,2,24,0.9755859375,655.6220703125
1,16,256.13525390625,2,29,0.98095703125,655.6220703125
1,17,250.71533203125,2,8,0.98388671875,655.6220703125
1,13,250.6953125,2,24,0.9794921875,655.6220703125
1,16,250.05126953125,2,30,0.98046875,655.6220703125
1,19,249.91015625,2,2,0.97900390625,655.6220703125
1,15,247.806640625,2,9,0.974609375,655.6220703125
1,12,247.12060546875,2,31,0.9765625,655.6220703125
1,12,247.01318359375,2,28,0.97705078125,655.6220703125
1,30,245.39404296875,2,25,0.970703125,655.6220703125
1,17,244.75634765625,2,17,0.982421875,655.6220703125
1,14,243.53564453125,2,8,0.9814453125,655.6220703125
15,30,243.25927734375,10,11,0.970703125,460.08642578125
1,13,242.26416015625,2,28,0.984375,655.6220703125
1,29,241.97216796875,2,21,0.97265625,655.6220703125
1,12,241.1884765625,2,16,0.9794921875,655.6220703125
1,18,240.849609375,2,26,0.9775390625,655.6220703125
1,12,238.28173828125,2,23,0.97900390625,655.6220703125
10,30,237.59765625,10,1,0.97021484375,479.11474609375
1,10,237.2998046875,2,4,0.98388671875,655.6220703125
1,13,237.10400390625,2,29,0.97802734375,655.6220703125
1,9,234.154296875,2,6,0.986328125,655.6220703125
1,19,234.0302734375,2,19,0.9765625,655.6220703125
15,27,233.9326171875,10,20,0.97216796875,460.08642578125
10,26,232.49609375,10,3,0.97021484375,479.11474609375
1,14,230.7978515625,2,9,0.97998046875,655.6220703125
16,31,229.98681640625,2,21,0.9765625,453.416015625
1,29,229.80029296875,2,26,0.974609375,655.6220703125
1,12,229.60107421875,2,18,0.98046875,655.6220703125
1,10,229.4404296875,2,15,0.9814453125,655.6220703125
1,18,228.13623046875,2,15,0.9736328125,655.6220703125
1,14,227.70068359375,2,11,0.97998046875,655.6220703125
1,12,227.43212890625,2,13,0.97705078125,655.6220703125
1,15,227.330078125,2,0,0.98193359375,655.6220703125
9,22,226.70458984375,5,10,0.97216796875,482.310546875
15,26,224.880859375,10,31,0.9716796875,460.08642578125
1,23,224.81396484375,2,6,0.9755859375,655.6220703125
1,12,224.6123046875,2,17,0.98095703125,655.6220703125
1,18,224.271484375,2,25,0.9765625,655.6220703125
1,30,224.1630859375,2,18,0.97119140625,655.6220703125
1,21,223.89892578125,2,8,0.9736328125,655.6220703125
1,17,221.37353515625,2,11,0.98046875,655.6220703125
15,27,218.33203125,10,23,0.9716796875,460.08642578125
1,21,218.28662109375,2,4,0.978515625,655.6220703125
1,19,216.4716796875,2,15,0.9794921875,655.6220703125
1,12,215.00439453125,2,21,0.9755859375,655.6220703125
1,20,212.91650390625,2,15,0.9765625,655.6220703125
15,29,209.3837890625,10,8,0.97412109375,460.08642578125
1,26,209.37548828125,2,14,0.97021484375,655.6220703125
1,15,208.8408203125,2,31,0.98291015625,655.6220703125
1,10,208.2021484375,2,11,0.9833984375,655.6220703125
15,26,207.390625,10,13,0.970703125,460.08642578125
1,9,206.9072265625,2,26,0.9814453125,655.6220703125
1,29,205.8994140625,2,20,0.97021484375,655.6220703125
16,30,204.0625,2,29,0.97607421875,453.416015625
1,25,203.38037109375,2,7,0.97021484375,655.6220703125
1,22,203.32470703125,2,28,0.9716796875,655.6220703125
1,9,202.82568359375,2,24,0.98046875,655.6220703125
1,18,202.67138671875,2,12,0.97265625,655.6220703125
15,25,202.6064453125,10,18,0.974609375,460.08642578125
1,18,202.0888671875,2,11,0.9755859375,655.6220703125
1,10,201.12060546875,2,8,0.97802734375,655.6220703125
1,21,200.8974609375,2,28,0.97900390625,655.6220703125
1,9,200.77294921875,2,9,0.986328125,655.6220703125
1,8,200.65771484375,2,20,0.98388671875,655.6220703125
1,10,200.11279296875,2,9,0.98095703125,655.6220703125
1,18,199.92529296875,2,28,0.9755859375,655.6220703125
1,9,198.88671875,2,8,0.98583984375,655.6220703125
1,8,198.5615234375,2,21,0.98291015625,655.6220703125
9,21,197.306640625,5,13,0.9736328125,482.310546875
1,25,196.62548828125,2,14,0.970703125,655.6220703125
1,9,196.11181640625,2,4,0.9814453125,655.6220703125
1,17,195.796875,2,30,0.97314453125,655.6220703125
15,26,195.720703125,10,12,0.970703125,460.08642578125
16,30,195.0546875,2,3,0.97216796875,453.416015625
16,30,194.54345703125,2,15,0.9765625,453.416015625
15,25,193.6572265625,10,15,0.97265625,460.08642578125
1,9,192.912109375,2,10,0.98486328125,655.6220703125
9,21,191.36376953125,5,24,0.9716796875,482.310546875
1,8,190.73486328125,2,5,0.98095703125,655.6220703125
1,7,190.7080078125,2,31,0.98095703125,655.6220703125
15,30,190.125,10,27,0.97021484375,460.08642578125
15,25,189.7060546875,10,4,0.97216796875,460.08642578125
15,24,189.5947265625,10,17,0.97314453125,460.08642578125
1,8,188.99169921875,2,23,0.984375,655.6220703125
1,8,188.68603515625,2,6,0.9814453125,655.6220703125
1,9,188.2001953125,2,7,0.978515625,655.6220703125
1,7,187.6650390625,2,30,0.98095703125,655.6220703125
1,7,187.1640625,2,0,0.98681640625,655.6220703125
1,7,186.69189453125,2,28,0.97998046875,655.6220703125
15,27,186.30810546875,10,16,0.97119140625,460.08642578125
1,7,185.81005859375,2,29,0.98095703125,655.6220703125
15,26,185.408203125,10,27,0.9716796875,460.08642578125
1,11,185.38427734375,2,16,0.97998046875,655.6220703125
15,26,184.74609375,10,29,0.97021484375,460.08642578125
1,23,184.68994140625,2,5,0.97119140625,655.6220703125
15,24,183.80029296875,10,16,0.97216796875,460.08642578125
15,23,180.6171875,10,27,0.9755859375,460.08642578125
1,15,180.46044921875,2,4,0.97021484375,655.6220703125
1,14,180.40087890625,2,25,0.970703125,655.6220703125
15,23,178.84619140625,10,22,0.97314453125,460.08642578125
1,11,177.4775390625,2,29,0.97802734375,655.6220703125
1,8,176.9228515625,2,4,0.98046875,655.6220703125
1,7,176.69580078125,2,14,0.978515625,655.6220703125
1,12,176.5830078125,2,19,0.9775390625,655.6220703125
1,11,175.46240234375,2,19,0.9775390625,655.6220703125
1,7,174.765625,2,4,0.9794921875,655.6220703125
1,16,174.53173828125,2,7,0.97314453125,655.6220703125
16,27,173.25927734375,2,22,0.97900390625,453.416015625
4,17,172.75830078125,10,0,0.9716796875,562.33251953125
15,28,172.56396484375,10,18,0.9716796875,460.08642578125
1,8,172.2314453125,2,22,0.98291015625,655.6220703125
1,8,171.5126953125,2,16,0.978515625,655.6220703125
1,17,169.576171875,2,20,0.974609375,655.6220703125
1,15,167.7783203125,2,8,0.970703125,655.6220703125
1,6,166.41064453125,2,3,0.98876953125,655.6220703125
1,9,166.35498046875,2,11,0.982421875,655.6220703125
15,25,166.26953125,10,12,0.97021484375,460.08642578125
1,6,165.74560546875,2,17,0.986328125,655.6220703125
15,25,165.3115234375,10,13,0.970703125,460.08642578125
1,6,164.8349609375,2,18,0.98779296875,655.6220703125
1,6,162.1845703125,2,27,0.984375,655.6220703125
4,15,162.03955078125,10,15,0.970703125,562.33251953125
1,14,161.78662109375,2,16,0.9765625,655.6220703125
1,7,161.4755859375,2,1,0.98193359375,655.6220703125
1,19,161.12890625,2,0,0.97607421875,655.6220703125
1,7,161.103515625,2,12,0.9755859375,655.6220703125
1,11,159.94189453125,2,18,0.97509765625,655.6220703125
1,6,159.69970703125,2,19,0.9853515625,655.6220703125
15,24,159.6416015625,10,26,0.97216796875,460.08642578125
1,6,159.5673828125,2,0,0.9853515625,655.6220703125
1,7,159.06103515625,2,11,0.97607421875,655.6220703125
15,22,158.47119140625,10,12,0.9755859375,460.08642578125
1,22,158.1796875,2,31,0.97216796875,655.6220703125
15,26,158.00146484375,10,30,0.97216796875,460.08642578125
15,22,157.46826171875,10,29,0.97412109375,460.08642578125
1,7,157.39794921875,2,2,0.98193359375,655.6220703125
1,6,157.23974609375,2,5,0.98291015625,655.6220703125
1,6,157.1962890625,2,2,0.986328125,655.6220703125
1,7,157.01904296875,2,20,0.9775390625,655.6220703125
1,25,156.85693359375,2,22,0.9755859375,655.6220703125
15,24,156.45947265625,10,18,0.970703125,460.08642578125
1,6,156.3017578125,2,23,0.97802734375,655.6220703125
1,25,155.91015625,2,20,0.9755859375,655.6220703125
1,11,155.88232421875,2,17,0.97607421875,655.6220703125
1,16,154.98583984375,2,21,0.98095703125,655.6220703125
1,6,150.365234375,2,14,0.9794921875,655.6220703125
1,6,149.82958984375,2,16,0.984375,655.6220703125
1,6,149.708984375,2,12,0.98291015625,655.6220703125
15,23,149.64404296875,10,13,0.97265625,460.08642578125
1,6,149.47607421875,2,1,0.98291015625,655.6220703125
1,8,149.05712890625,2,13,0.9755859375,655.6220703125
15,21,148.33740234375,10,25,0.9755859375,460.08642578125
1,12,148.31396484375,2,3,0.97216796875,655.6220703125
4,18,148.173828125,10,14,0.9716796875,562.33251953125
1,7,146.3017578125,2,9,0.97509765625,655.6220703125
4,12,145.61083984375,10,7,0.97119140625,562.33251953125
15,24,144.8935546875,10,22,0.9716796875,460.08642578125
15,23,144.732421875,10,12,0.9716796875,460.08642578125
15,23,144.58642578125,10,25,0.97265625,460.08642578125
15,21,144.40576171875,10,1,0.97265625,460.08642578125
4,15,144.306640625,10,13,0.970703125,562.33251953125
16,27,143.90771484375,2,5,0.9794921875,453.416015625
1,6,142.92333984375,2,11,0.982421875,655.6220703125
1,6,142.9189453125,2,10,0.98193359375,655.6220703125
1,5,142.04248046875,2,23,0.984375,655.6220703125
9,18,141.62060546875,5,23,0.97216796875,482.310546875
1,5,139.40771484375,2,26,0.98486328125,655.6220703125
1,5,139.1845703125,2,0,0.98291015625,655.6220703125
1,5,137.99755859375,2,20,0.98193359375,655.6220703125
1,5,137.91650390625,2,21,0.984375,655.6220703125
2,12,137.69873046875,6,8,0.97119140625,635.41650390625
1,19,137.6708984375,2,14,0.9736328125,655.6220703125
1,6,137.54052734375,2,30,0.9794921875,655.6220703125
1,5,137.2099609375,2,30,0.9833984375,655.6220703125
16,25,136.9921875,2,6,0.978515625,453.416015625
15,24,136.16845703125,10,24,0.97119140625,460.08642578125
15,24,136.07421875,10,20,0.970703125,460.08642578125
16,27,136.01318359375,2,6,0.9775390625,453.416015625
1,6,135.9736328125,2,8,0.98046875,655.6220703125
16,27,134.98046875,2,4,0.9765625,453.416015625
1,6,134.89208984375,2,15,0.98095703125,655.6220703125
1,20,134.84765625,2,1,0.97119140625,655.6220703125
1,6,134.79052734375,2,13,0.9814453125,655.6220703125
15,22,134.64501953125,10,11,0.9736328125,460.08642578125
1,10,134.62890625,2,6,0.9794921875,655.6220703125
1,5,134.2587890625,2,12,0.98583984375,655.6220703125
15,24,134.119140625,10,25,0.97021484375,460.08642578125
1,5,133.3427734375,2,15,0.98486328125,655.6220703125
1,5,132.29638671875,2,29,0.98291015625,655.6220703125
1,11,131.75830078125,2,20,0.9716796875,655.6220703125
15,22,131.66943359375,10,27,0.97412109375,460.08642578125
1,7,131.650390625,2,13,0.974609375,655.6220703125
1,11,131.3388671875,2,31,0.97314453125,655.6220703125
1,8,130.53271484375,2,7,0.97314453125,655.6220703125
1,5,130.193359375,2,28,0.98095703125,655.6220703125
16,30,129.86962890625,2,30,0.97314453125,453.416015625
1,11,129.6005859375,2,10,0.9736328125,655.6220703125
16,26,129.294921875,2,15,0.97900390625,453.416015625
2,12,128.78759765625,6,24,0.9716796875,635.41650390625
1,18,128.6787109375,2,19,0.9755859375,655.6220703125
1,5,128.34423828125,2,2,0.9814453125,655.6220703125
2,12,126.8310546875,6,25,0.97119140625,635.41650390625
15,20,126.72314453125,10,30,0.97412109375,460.08642578125
1,5,126.19580078125,2,3,0.98046875,655.6220703125
15,24,125.35546875,10,23,0.97021484375,460.08642578125
1,7,124.85009765625,2,8,0.9736328125,655.6220703125
1,6,124.63525390625,2,7,0.97509765625,655.6220703125
1,5,124.375,2,14,0.9833984375,655.6220703125
2,12,123.93310546875,4,15,0.97021484375,557.90771484375
16,28,123.5791015625,2,23,0.970703125,453.416015625
1,5,123.3359375,2,31,0.9814453125,655.6220703125
1,5,123.1513671875,2,25,0.9775390625,655.6220703125
2,12,123.00439453125,6,14,0.97021484375,635.41650390625
1,5,122.0068359375,2,19,0.98095703125,655.6220703125
2,12,121.98486328125,6,27,0.970703125,635.41650390625
15,20,121.22607421875,10,14,0.9755859375,460.08642578125
2,15,120.62841796875,6,12,0.97216796875,635.41650390625
15,22,120.43896484375,10,14,0.97314453125,460.08642578125
1,4,119.6826171875,2,30,0.986328125,655.6220703125
1,4,119.63818359375,2,18,0.98583984375,655.6220703125
16,25,119.330078125,2,5,0.9765625,453.416015625
1,4,118.81982421875,2,26,0.9873046875,655.6220703125
16,28,118.77392578125,2,0,0.970703125,453.416015625
1,4,118.74267578125,2,25,0.98583984375,655.6220703125
15,24,118.4873046875,10,27,0.97119140625,460.08642578125
1,4,118.40673828125,2,0,0.986328125,655.6220703125
4,12,117.12353515625,10,9,0.970703125,562.33251953125
1,21,117.02734375,2,29,0.9736328125,655.6220703125
1,6,116.85009765625,2,4,0.9736328125,655.6220703125
1,4,116.7587890625,2,27,0.98583984375,655.6220703125
1,4,116.5068359375,2,29,0.98681640625,655.6220703125
15,22,116.4638671875,10,15,0.97216796875,460.08642578125
4,12,116.1416015625,10,6,0.97021484375,562.33251953125
9,15,116.0400390625,5,14,0.9716796875,482.310546875
1,4,115.70068359375,2,13,0.9833984375,655.6220703125
1,4,115.59716796875,2,3,0.9833984375,655.6220703125
1,5,115.4501953125,2,13,0.9814453125,655.6220703125
1,5,115.2392578125,2,27,0.97802734375,655.6220703125
1,16,115.01025390625,2,4,0.97021484375,655.6220703125
9,15,114.1025390625,5,27,0.97021484375,482.310546875
16,29,113.89013671875,2,11,0.97216796875,453.416015625
1,4,113.4287109375,2,21,0.984375,655.6220703125
1,5,113.29443359375,2,24,0.98046875,655.6220703125
1,11,113.1318359375,2,30,0.974609375,655.6220703125
16,28,113.0517578125,2,13,0.97265625,453.416015625
1,4,112.68408203125,2,28,0.984375,655.6220703125
1,4,112.580078125,2,5,0.98193359375,655.6220703125
1,4,112.5751953125,2,17,0.984375,655.6220703125
1,4,112.4677734375,2,15,0.98095703125,655.6220703125
4,12,112.32666015625,10,1,0.9716796875,562.33251953125
1,7,112.05029296875,2,19,0.97119140625,655.6220703125
1,4,111.60595703125,2,11,0.984375,655.6220703125
1,4,111.5087890625,2,2,0.98046875,655.6220703125
1,4,110.78515625,2,24,0.98388671875,655.6220703125
16,23,109.38427734375,2,20,0.9775390625,453.416015625
1,13,109.1728515625,2,26,0.9755859375,655.6220703125
4,11,108.47802734375,10,22,0.97119140625,562.33251953125
1,4,108.4619140625,2,31,0.978515625,655.6220703125
9,12,108.27783203125,5,26,0.97607421875,482.310546875
1,21,108.220703125,2,31,0.9716796875,655.6220703125
1,4,107.5849609375,2,4,0.9794921875,655.6220703125
15,21,107.44921875,10,11,0.97265625,460.08642578125
9,12,107.40087890625,5,5,0.97265625,482.310546875
15,21,107.302734375,10,15,0.97119140625,460.08642578125
1,4,106.5517578125,2,9,0.98046875,655.6220703125
9,12,106.49267578125,5,11,0.974609375,482.310546875
2,7,106.2197265625,6,17,0.97412109375,635.41650390625
9,16,105.33642578125,5,9,0.97021484375,482.310546875
4,12,105.3125,10,2,0.97314453125,562.33251953125
1,6,105.310546875,2,26,0.9814453125,655.6220703125
10,17,104.59130859375,10,27,0.9716796875,479.11474609375
1,4,104.5498046875,2,7,0.978515625,655.6220703125
1,4,103.69384765625,2,14,0.97998046875,655.6220703125
1,4,103.609375,2,22,0.97802734375,655.6220703125
16,28,103.5546875,2,27,0.97119140625,453.416015625
15,21,103.3935546875,10,12,0.970703125,460.08642578125
4,11,103.38427734375,10,11,0.97021484375,562.33251953125
10,14,100.60009765625,10,7,0.97119140625,479.11474609375
1,14,100.53466796875,2,21,0.97021484375,655.6220703125
15,17,100.52294921875,10,23,0.978515625,460.08642578125
16,29,100.38916015625,2,9,0.97119140625,453.416015625
10,15,99.4501953125,10,5,0.9765625,479.11474609375
1,6,99.40673828125,2,25,0.98046875,655.6220703125
16,27,98.951171875,2,7,0.97607421875,453.416015625
9,14,98.58837890625,5,23,0.97216796875,482.310546875
1,10,98.4384765625,2,5,0.978515625,655.6220703125
15,20,97.72314453125,10,25,0.97314453125,460.08642578125
15,18,97.6865234375,10,9,0.97705078125,460.08642578125
1,5,97.54931640625,2,1,0.97607421875,655.6220703125
15,22,96.7978515625,10,13,0.97021484375,460.08642578125
2,16,96.52001953125,6,6,0.97021484375,635.41650390625
9,16,96.47998046875,5,11,0.9716796875,482.310546875
15,15,95.751953125,10,20,0.97802734375,460.08642578125
9,14,95.70751953125,28,15,0.9765625,333.26611328125
15,21,94.60693359375,10,2,0.97216796875,460.08642578125
1,15,94.44921875,2,28,0.9794921875,655.6220703125
4,13,93.5322265625,10,31,0.97265625,562.33251953125
2,7,92.66796875,6,18,0.974609375,635.41650390625
10,15,91.81982421875,10,11,0.9716796875,479.11474609375
1,7,91.65673828125,2,15,0.97021484375,655.6220703125
1,3,91.46044921875,2,19,0.98828125,655.6220703125
16,22,90.75244140625,2,1,0.97705078125,453.416015625
9,11,90.7158203125,5,8,0.9736328125,482.310546875
1,11,90.66748046875,2,28,0.97265625,655.6220703125
1,15,90.6630859375,2,17,0.974609375,655.6220703125
1,3,90.32666015625,2,16,0.986328125,655.6220703125
1,14,89.65478515625,2,26,0.974609375,655.6220703125
1,3,89.20068359375,2,25,0.98486328125,655.6220703125
1,3,89.1884765625,2,14,0.9833984375,655.6220703125
2,7,88.80078125,6,16,0.9755859375,635.41650390625
1,7,88.63916015625,2,5,0.97607421875,655.6220703125
1,3,88.35009765625,2,6,0.98583984375,655.6220703125
1,3,88.26513671875,2,7,0.98388671875,655.6220703125
15,18,87.9267578125,10,22,0.97119140625,460.08642578125
1,3,87.39306640625,2,9,0.98486328125,655.6220703125
1,3,87.28955078125,2,28,0.9833984375,655.6220703125
1,3,87.24072265625,2,29,0.982421875,655.6220703125
10,12,86.82177734375,10,4,0.97216796875,479.11474609375
9,11,86.7939453125,5,9,0.97314453125,482.310546875
15,18,85.8701171875,10,18,0.97412109375,460.08642578125
9,13,85.83349609375,5,19,0.9736328125,482.310546875
1,3,85.333984375,2,5,0.9833984375,655.6220703125
1,3,85.3115234375,2,8,0.982421875,655.6220703125
1,3,85.2353515625,2,31,0.98291015625,655.6220703125
1,3,85.09521484375,2,21,0.97900390625,655.6220703125
1,3,85.09228515625,2,23,0.9833984375,655.6220703125
1,3,85.05126953125,2,1,0.984375,655.6220703125
1,16,84.8203125,2,0,0.97216796875,655.6220703125
1,18,84.8056640625,2,4,0.974609375,655.6220703125
1,3,84.35595703125,2,10,0.98291015625,655.6220703125
2,8,83.89892578125,6,14,0.9755859375,635.41650390625
9,13,83.82177734375,5,7,0.97265625,482.310546875
2,8,83.80859375,6,15,0.9736328125,635.41650390625
1,3,83.345703125,2,4,0.98291015625,655.6220703125
1,3,83.32080078125,2,18,0.9833984375,655.6220703125
1,3,83.2177734375,2,13,0.98095703125,655.6220703125
1,3,83.1982421875,2,30,0.98046875,655.6220703125
1,3,83.16845703125,2,15,0.9794921875,655.6220703125
1,3,83.11376953125,2,3,0.98095703125,655.6220703125
16,22,82.90869140625,19,8,0.97998046875,196.53173828125
1,3,82.3486328125,2,17,0.98291015625,655.6220703125
1,3,82.26220703125,2,26,0.98193359375,655.6220703125
9,11,82.013671875,5,23,0.97314453125,482.310546875
1,4,81.9072265625,2,20,0.974609375,655.6220703125
1,3,80.14990234375,2,24,0.9775390625,655.6220703125
1,3,80.083984375,2,27,0.982421875,655.6220703125
1,6,79.93603515625,2,24,0.97998046875,655.6220703125
16,21,79.93310546875,19,14,0.97509765625,196.53173828125
2,12,79.90625,6,0,0.97119140625,635.41650390625
15,16,79.203125,10,24,0.97802734375,460.08642578125
15,18,79.07763671875,10,16,0.9716796875,460.08642578125
1,3,78.326171875,2,11,0.98046875,655.6220703125
1,4,78.08251953125,2,23,0.97509765625,655.6220703125
